Data File    , C:\Documents and Settings\N0233833\My Documents\Biolog Analysis\March 09 expt\OLPM_Y02\data_2009\03\yent_53x03___1_28_Y02_310_Marx09x2009_A_10A.oka,,,,,,,,,,,,,,,,,,,,,,,,,,,,,,,,,,,,,,,,,,,,,,,,,,,,,,,,,,,,,,,,,,,,,,,,,,,,,,,,,,,,,,,,,,,,,,,
Set up Time  ,Mar 09 2009 12:07 AM,,,,,,,,,,,,,,,,,,,,,,,,,,,,,,,,,,,,,,,,,,,,,,,,,,,,,,,,,,,,,,,,,,,,,,,,,,,,,,,,,,,,,,,,,,,,,,,
Position     ,10-A,,,,,,,,,,,,,,,,,,,,,,,,,,,,,,,,,,,,,,,,,,,,,,,,,,,,,,,,,,,,,,,,,,,,,,,,,,,,,,,,,,,,,,,,,,,,,,,
Plate Type   ,PM 1-,,,,,,,,,,,,,,,,,,,,,,,,,,,,,,,,,,,,,,,,,,,,,,,,,,,,,,,,,,,,,,,,,,,,,,,,,,,,,,,,,,,,,,,,,,,,,,,
Strain Type  ,NOT APPLICABLE,,,,,,,,,,,,,,,,,,,,,,,,,,,,,,,,,,,,,,,,,,,,,,,,,,,,,,,,,,,,,,,,,,,,,,,,,,,,,,,,,,,,,,,,,,,,,,,
Sample Number,,,,,,,,,,,,,,,,,,,,,,,,,,,,,,,,,,,,,,,,,,,,,,,,,,,,,,,,,,,,,,,,,,,,,,,,,,,,,,,,,,,,,,,,,,,,,,,,
Strain Name  ,Y.enterocolitica,,,,,,,,,,,,,,,,,,,,,,,,,,,,,,,,,,,,,,,,,,,,,,,,,,,,,,,,,,,,,,,,,,,,,,,,,,,,,,,,,,,,,,,,,,,,,,,
Strain Number,53/03,,,,,,,,,,,,,,,,,,,,,,,,,,,,,,,,,,,,,,,,,,,,,,,,,,,,,,,,,,,,,,,,,,,,,,,,,,,,,,,,,,,,,,,,,,,,,,,
Other        ,,,,,,,,,,,,,,,,,,,,,,,,,,,,,,,,,,,,,,,,,,,,,,,,,,,,,,,,,,,,,,,,,,,,,,,,,,,,,,,,,,,,,,,,,,,,,,,,
,,,,,,,,,,,,,,,,,,,,,,,,,,,,,,,,,,,,,,,,,,,,,,,,,,,,,,,,,,,,,,,,,,,,,,,,,,,,,,,,,,,,,,,,,,,,,,,,
Hour,  A01,  A02,  A03,  A04,  A05,  A06,  A07,  A08,  A09,  A10,  A11,  A12,  B01,  B02,  B03,  B04,  B05,  B06,  B07,  B08,  B09,  B10,  B11,  B12,  C01,  C02,  C03,  C04,  C05,  C06,  C07,  C08,  C09,  C10,  C11,  C12,  D01,  D02,  D03,  D04,  D05,  D06,  D07,  D08,  D09,  D10,  D11,  D12,  E01,  E02,  E03,  E04,  E05,  E06,  E07,  E08,  E09,  E10,  E11,  E12,  F01,  F02,  F03,  F04,  F05,  F06,  F07,  F08,  F09,  F10,  F11,  F12,  G01,  G02,  G03,  G04,  G05,  G06,  G07,  G08,  G09,  G10,  G11,  G12,  H01,  H02,  H03,  H04,  H05,  H06,  H07,  H08,  H09,  H10,  H11,  H12
0,12,14,9,8,1,0,8,6,18,20,13,22,18,8,9,10,11,0,0,19,6,0,10,32,37,9,7,27,0,17,3,6,4,18,31,42,31,20,15,1,0,16,7,2,23,23,24,31,32,13,11,9,3,16,4,4,22,34,12,31,45,28,4,7,13,4,6,3,22,17,26,34,32,26,8,11,20,24,4,7,8,26,18,32,41,27,31,21,24,59,17,16,18,39,23,35
0.25,20,25,20,19,4,2,17,15,18,26,19,26,32,17,13,19,19,4,5,28,20,4,20,28,36,18,18,36,7,10,15,13,13,18,34,38,35,23,28,12,4,18,16,6,13,14,27,34,37,16,12,18,22,22,15,19,16,27,17,32,46,20,10,20,20,10,15,19,24,24,29,32,44,36,13,25,31,37,21,22,28,26,33,43,56,39,29,36,36,75,32,32,36,51,38,52
0.5,14,16,13,18,0,0,13,7,8,17,20,29,26,8,7,15,11,0,0,25,14,4,19,35,31,11,8,28,2,4,13,4,12,17,19,35,28,10,15,6,2,9,12,6,19,14,19,40,24,9,13,16,21,17,6,17,14,31,18,26,36,16,4,19,18,12,17,21,31,22,27,27,35,30,5,20,23,34,14,19,24,25,30,39,45,29,23,23,31,72,35,34,40,50,42,51
0.75,18,21,16,24,0,0,12,9,10,2,20,23,33,14,10,17,13,0,1,22,18,1,19,26,31,18,12,32,6,5,12,5,12,17,18,30,34,16,16,10,0,9,11,4,14,13,20,33,34,14,12,22,21,20,8,18,10,30,16,26,45,19,8,21,18,11,17,17,21,23,27,28,41,23,12,21,29,35,17,19,26,28,32,40,47,35,25,32,34,75,34,35,38,49,36,52
1,18,20,12,23,2,0,12,9,11,0,23,22,36,14,10,11,13,0,2,22,16,0,16,24,34,13,15,29,3,3,6,3,7,16,16,29,34,20,14,8,0,7,7,3,13,10,16,31,34,17,10,20,13,18,7,8,7,27,16,25,45,19,10,18,13,9,9,14,16,22,24,27,43,24,14,19,26,29,13,15,21,25,25,39,48,35,27,32,33,72,30,30,31,44,32,48
1.25,20,24,15,25,2,0,15,14,12,3,24,25,39,16,12,13,13,0,3,25,18,2,15,25,38,14,18,35,5,6,8,5,9,14,20,31,38,22,16,12,1,9,10,5,15,15,19,34,38,18,11,22,19,19,10,14,10,31,19,27,49,22,11,20,18,12,14,19,17,21,28,31,46,27,16,21,30,35,18,22,27,29,29,42,52,38,29,34,37,76,32,35,39,53,39,53
1.5,20,23,14,23,4,0,13,14,13,3,22,24,36,15,10,9,11,1,3,23,17,3,15,26,36,14,17,33,6,6,6,5,8,12,19,31,33,23,13,12,2,8,7,5,12,12,16,30,34,21,11,18,14,16,7,12,10,27,16,27,43,22,11,17,14,10,9,14,14,18,26,29,41,25,15,18,26,28,14,17,20,25,26,40,46,36,28,32,34,71,27,30,31,46,33,49
1.75,16,19,12,19,4,0,6,11,13,2,20,24,25,12,6,5,7,0,2,21,14,2,13,27,31,10,12,28,3,2,3,4,7,10,15,29,23,19,8,10,0,8,3,4,9,10,12,28,27,17,6,13,8,12,4,6,7,23,12,24,32,18,7,10,10,7,4,8,12,15,22,25,32,19,12,12,21,18,9,11,14,23,22,34,37,31,25,24,29,64,22,24,24,37,27,42
2,22,27,16,24,3,4,10,19,16,7,21,27,35,18,14,13,9,5,6,26,22,8,19,28,40,17,18,36,7,9,10,9,13,14,23,34,34,24,15,16,5,11,11,9,13,18,19,34,39,17,13,20,23,16,12,17,13,32,14,30,46,20,12,19,19,13,14,21,16,22,31,34,45,26,16,20,30,36,19,23,31,29,31,42,50,38,30,34,38,77,33,37,40,54,39,56
2.25,22,27,16,20,5,3,8,18,15,5,20,28,36,18,14,12,8,2,6,26,21,7,18,27,41,17,18,34,9,8,10,8,13,13,21,33,35,25,14,15,5,10,9,8,14,18,17,33,41,18,13,20,22,15,11,17,14,31,15,29,49,21,13,18,19,13,13,21,16,22,30,33,49,28,17,20,30,36,19,24,31,29,31,42,55,40,31,36,39,77,35,38,41,56,40,57
2.5,25,29,20,20,6,5,11,20,17,8,23,29,36,22,16,14,10,5,7,28,22,8,20,29,42,19,20,38,11,11,12,10,15,15,24,35,38,26,16,18,7,12,10,10,14,19,20,35,43,20,15,22,24,16,13,19,15,32,18,31,50,24,16,20,21,15,14,22,17,23,32,35,51,30,20,23,32,38,23,26,32,30,32,44,57,43,34,38,42,79,36,40,43,58,41,59
2.75,24,26,18,14,7,1,8,17,15,6,22,28,32,19,15,10,7,2,7,24,17,5,17,28,39,18,19,34,9,7,9,7,12,12,19,31,35,24,13,15,4,11,5,7,11,14,15,32,40,18,14,16,16,13,9,13,12,27,14,28,47,22,14,15,15,10,8,15,13,19,27,32,47,29,19,20,27,30,16,20,25,26,28,40,52,40,32,34,36,72,31,33,35,50,35,51
3,26,30,21,19,9,5,12,21,19,10,25,30,34,23,18,15,11,7,10,29,21,8,21,30,41,20,20,38,13,11,13,10,16,15,23,36,37,26,16,18,7,12,8,11,15,18,19,35,42,20,16,20,20,16,13,16,15,29,18,32,47,24,17,18,19,13,10,18,15,21,30,35,48,30,21,22,31,33,19,23,28,28,31,44,54,41,33,37,40,74,34,35,37,51,38,54
3.25,27,29,21,17,9,4,12,18,18,9,25,31,35,23,17,15,10,5,10,27,18,8,20,32,43,21,21,37,12,11,13,11,15,15,22,35,39,26,16,18,8,14,7,12,16,18,19,35,44,21,17,20,21,16,14,17,15,31,18,32,51,25,17,18,21,14,12,20,17,22,31,35,52,31,21,22,31,37,21,24,31,30,31,44,58,44,34,39,42,78,36,39,42,57,40,58
3.5,24,26,20,13,9,4,9,13,17,8,24,29,32,21,16,11,9,4,9,26,16,7,17,31,38,19,18,35,11,9,12,10,14,14,18,31,36,24,14,15,6,11,2,10,14,15,16,32,39,18,14,16,15,13,10,14,13,25,16,30,45,24,15,16,16,10,5,14,14,18,27,32,46,27,21,19,27,26,16,19,22,24,27,40,52,40,34,35,39,70,31,31,33,48,34,52
3.75,28,32,26,18,14,17,14,18,19,11,27,33,38,25,19,17,12,13,17,30,20,15,23,32,46,23,17,40,14,13,16,13,19,17,23,38,42,27,17,20,10,14,9,13,17,19,20,40,46,23,22,21,23,17,15,20,17,31,19,34,52,27,19,20,21,15,10,22,17,22,36,39,53,33,28,24,34,38,22,30,29,28,32,46,59,46,37,40,44,78,38,38,42,57,41,59
4,29,34,28,20,21,24,16,20,20,15,30,37,42,27,20,17,12,21,24,31,23,18,26,35,51,23,21,40,15,13,18,16,20,19,24,44,42,26,17,20,10,15,9,14,19,22,22,46,45,22,25,22,24,19,16,22,18,34,22,36,54,27,18,20,21,15,12,23,18,24,41,46,56,31,33,25,38,42,23,36,30,30,34,49,58,46,37,41,45,79,39,39,42,59,42,61
4.25,26,33,26,19,26,26,16,18,20,18,33,38,42,25,18,15,13,28,30,31,20,22,29,37,53,19,24,37,14,12,18,21,22,20,23,47,37,22,15,17,10,17,8,15,20,21,23,51,38,18,30,20,21,18,13,22,17,35,25,37,50,24,17,17,21,15,9,20,18,22,44,51,53,27,37,21,39,41,22,42,28,28,31,49,49,42,34,35,39,72,36,36,38,54,39,57
4.5,29,36,30,15,31,28,16,14,19,17,31,37,47,29,21,13,14,33,33,30,17,24,25,38,59,21,30,38,15,10,16,24,20,22,21,46,39,26,16,18,9,14,4,12,19,17,20,51,42,21,36,20,17,17,12,18,14,34,27,34,58,28,19,18,21,13,4,16,15,18,45,53,60,31,44,23,42,39,19,46,27,26,28,50,56,45,37,39,41,71,33,33,33,49,35,53
4.75,27,41,31,17,36,36,21,18,21,21,35,39,51,30,21,15,17,42,39,35,21,28,31,41,64,19,36,39,15,12,19,31,25,29,23,51,38,25,16,18,10,17,7,14,21,20,24,57,39,20,42,21,19,18,13,23,18,39,35,43,58,27,18,19,24,15,6,18,17,21,52,60,59,30,49,23,45,44,22,54,33,29,31,57,52,43,36,37,41,71,34,36,35,52,37,55
5,30,46,34,19,42,41,25,19,21,23,36,40,58,34,26,18,22,49,45,39,22,30,33,43,73,24,44,43,18,14,23,36,27,35,23,53,43,27,18,21,11,16,7,15,24,22,26,61,45,24,49,24,20,19,15,25,19,44,41,51,66,30,21,21,28,17,9,19,19,21,58,64,68,34,56,27,52,50,25,62,38,31,33,63,60,48,41,42,45,75,37,41,38,56,39,58
5.25,34,56,40,24,45,50,31,24,23,29,40,41,66,38,31,23,25,58,51,45,27,35,38,45,83,28,51,47,20,18,28,42,32,40,29,58,49,29,21,26,15,19,14,18,28,28,32,68,53,26,56,28,31,24,20,34,23,51,46,59,74,33,23,24,36,25,17,29,24,29,68,71,75,37,60,29,59,64,34,75,52,38,40,74,67,53,43,46,52,86,46,56,52,69,51,68
5.5,31,56,39,20,47,49,30,20,22,29,40,40,65,37,30,18,26,59,52,45,23,35,37,46,85,25,55,45,18,15,26,43,31,44,24,56,46,28,19,21,12,17,9,15,27,22,31,67,48,25,59,25,24,21,16,30,20,49,48,61,73,31,21,22,34,21,10,22,19,23,68,71,73,34,63,27,57,57,29,75,45,33,35,75,63,49,40,43,47,79,39,50,42,61,42,61
5.75,27,56,37,18,48,50,31,18,20,30,41,40,63,36,29,16,27,62,55,48,21,36,38,47,84,20,57,44,16,12,27,44,31,47,24,55,39,23,16,17,12,17,6,15,29,21,31,67,39,19,60,23,20,19,15,30,18,51,49,66,65,25,19,18,35,21,6,19,18,20,70,72,66,30,62,23,56,52,26,75,44,32,33,76,51,43,36,36,41,72,34,49,36,57,38,55
6,31,62,42,18,52,54,34,19,22,33,44,41,70,41,34,16,32,69,59,52,22,38,40,50,94,24,64,48,19,13,30,47,34,52,24,55,44,26,19,20,13,18,8,15,32,22,33,69,45,23,65,27,21,20,15,32,20,56,54,72,74,30,22,21,38,23,7,20,19,23,74,75,74,34,69,26,61,56,27,80,46,34,34,81,59,48,40,42,46,77,37,54,38,59,39,58
6.25,32,68,45,23,53,60,37,23,24,38,47,43,74,42,37,21,35,73,62,58,27,41,46,51,99,23,67,51,19,16,34,50,37,57,29,59,47,26,20,23,14,18,13,17,36,27,36,74,47,23,67,29,28,22,19,38,22,62,58,79,75,29,21,22,42,27,14,27,22,27,82,79,77,34,72,26,65,65,33,89,55,40,39,91,62,49,39,43,49,84,43,64,48,71,48,66
6.5,29,67,42,21,52,60,34,20,22,39,48,41,74,41,35,19,35,74,63,58,22,42,47,51,98,20,69,52,17,13,34,50,37,58,26,57,43,23,16,21,13,18,10,16,35,24,35,74,41,20,69,27,27,19,17,38,21,61,58,80,72,27,19,20,44,27,12,25,21,25,83,80,74,30,71,24,65,65,31,89,53,38,36,92,56,45,36,38,44,81,40,65,46,71,44,63
6.75,33,74,48,22,56,66,38,23,24,41,50,41,82,46,44,21,39,81,69,64,26,44,48,51,111,26,75,58,20,16,38,55,41,64,27,59,51,29,21,24,16,18,12,18,37,26,39,76,51,25,75,31,28,22,19,41,22,66,63,86,82,32,23,23,45,28,14,27,22,26,88,84,84,36,79,29,71,68,33,95,57,42,39,98,68,53,43,46,51,87,44,70,49,73,48,66
7,29,73,46,20,56,66,36,21,24,43,52,42,79,46,41,18,41,82,69,66,23,45,49,52,111,21,77,58,18,13,38,55,42,66,26,58,43,24,18,20,13,18,8,16,40,23,39,76,42,20,75,27,23,20,15,40,20,67,65,87,74,28,20,19,44,28,9,21,21,23,89,83,77,31,78,24,67,64,28,91,53,41,35,99,56,45,38,39,44,78,38,68,40,68,42,61
7.25,33,79,51,21,59,70,38,23,27,47,55,42,86,50,47,20,45,88,74,71,24,46,52,52,121,26,83,63,21,16,41,58,44,71,27,57,50,29,21,23,16,18,10,18,44,24,42,77,51,26,81,30,25,22,18,43,21,70,69,91,84,32,23,22,47,29,11,23,22,26,94,87,86,36,86,28,74,68,31,98,55,44,37,105,66,53,43,45,49,84,41,73,44,73,45,64
7.5,30,80,47,23,57,74,37,20,26,50,58,45,85,49,45,20,44,90,75,73,25,49,55,53,119,22,82,64,18,14,40,59,45,72,28,59,46,24,17,22,15,20,12,18,44,26,44,80,43,20,80,30,31,22,19,48,23,72,69,95,79,28,19,21,51,32,16,29,23,27,98,90,82,32,82,25,75,74,33,101,61,47,40,110,60,47,36,39,47,87,46,80,52,81,52,69
7.75,34,85,54,22,61,78,39,22,27,51,58,42,91,54,52,21,50,96,80,76,25,50,56,52,130,27,90,69,21,16,44,62,48,76,27,58,51,29,20,23,15,18,11,17,47,25,45,79,52,26,88,31,26,22,19,46,21,74,73,97,88,33,24,24,50,33,12,25,21,25,100,92,91,37,91,29,79,72,31,102,57,48,38,112,68,52,44,46,50,85,41,79,45,78,46,63
8,35,90,56,24,62,83,41,25,29,55,61,42,95,58,54,22,52,102,84,80,27,51,59,54,134,26,94,71,22,17,46,64,50,79,29,60,53,29,21,25,16,18,15,18,49,27,48,81,52,26,91,32,29,23,20,50,23,78,77,102,91,33,24,24,51,34,14,28,22,28,105,97,94,38,95,29,83,77,34,109,61,52,40,118,71,54,44,47,51,90,44,85,51,83,49,68
8.25,31,88,51,23,61,84,39,21,28,57,64,46,93,55,53,21,52,103,87,82,24,53,62,54,132,22,94,72,19,14,45,65,51,81,29,60,47,24,18,22,16,21,14,18,51,27,48,82,45,21,90,31,31,22,19,51,23,79,77,103,84,28,20,21,54,37,17,30,25,28,107,100,88,33,92,26,81,80,33,109,62,54,41,121,64,48,37,41,48,87,46,88,53,88,53,70
8.5,34,93,57,20,64,87,39,21,31,58,64,41,100,59,58,19,56,108,91,83,24,52,61,53,144,27,102,77,22,15,47,67,52,84,25,59,53,29,21,22,16,18,9,16,53,24,50,80,50,26,96,31,23,21,17,51,22,80,81,104,93,33,24,23,53,35,9,22,21,24,108,102,94,36,101,29,84,74,30,107,56,53,37,121,70,51,43,45,49,82,40,86,42,83,43,62
8.75,28,91,54,19,65,87,38,19,30,60,66,43,97,57,56,18,58,110,91,86,20,53,63,53,141,21,101,77,19,12,47,67,52,84,26,58,44,23,16,19,15,19,8,17,53,22,50,81,41,20,95,30,23,20,15,52,20,81,81,107,85,25,19,19,53,36,9,22,21,23,108,103,87,30,98,24,80,74,29,107,55,54,35,123,62,44,36,37,42,77,37,86,41,84,42,60
9,28,95,54,19,65,91,38,19,30,62,67,44,100,60,58,18,60,114,96,88,21,53,65,53,145,20,105,79,19,12,49,68,53,86,26,59,47,22,17,20,15,18,10,16,54,24,52,82,42,20,98,32,27,19,17,55,21,82,83,110,88,26,19,20,54,39,13,26,22,25,114,107,90,31,101,24,83,80,31,114,59,57,37,129,67,46,36,38,45,84,42,93,50,92,48,66
9.25,36,105,63,26,70,102,45,28,39,69,72,45,112,69,68,23,68,125,104,95,30,59,70,57,158,29,115,89,26,20,55,74,59,95,30,63,58,30,24,27,19,20,17,19,60,29,58,88,55,28,108,39,31,25,22,60,26,89,93,119,101,35,26,26,58,43,15,29,25,29,121,116,103,40,112,32,94,86,35,122,64,65,43,137,81,55,46,50,54,90,45,100,52,97,51,70
9.5,33,106,62,25,71,103,44,26,37,69,72,43,113,68,69,21,68,127,107,97,27,58,71,54,160,26,117,89,24,18,55,75,59,96,28,61,56,28,22,23,18,19,14,18,61,28,59,87,50,26,111,39,28,23,20,59,24,89,94,120,99,33,24,23,58,43,12,26,23,26,122,118,99,36,113,30,94,84,33,122,60,65,41,138,77,52,43,45,50,87,42,100,46,96,46,66
9.75,30,106,61,22,74,103,42,21,38,73,76,49,114,68,68,20,71,128,109,100,24,60,74,58,161,22,118,89,22,16,55,76,59,97,30,62,53,24,19,21,18,22,12,19,63,27,60,90,43,22,110,42,29,23,19,61,23,90,94,123,96,29,20,21,62,46,15,27,25,27,124,121,97,33,112,26,89,87,33,124,61,67,40,142,75,47,38,40,46,84,43,104,50,102,51,68
10,31,110,63,24,76,108,43,24,39,75,78,46,117,71,72,23,75,133,113,103,25,61,76,57,164,23,122,94,24,17,56,77,60,100,30,64,56,26,20,23,20,23,14,20,66,27,61,91,46,23,114,46,31,23,20,64,24,92,98,126,98,30,22,22,64,49,15,29,25,27,126,125,100,34,116,29,94,89,33,127,63,70,41,146,78,50,40,42,48,86,44,107,51,105,50,68
10.25,30,112,63,22,78,109,43,22,38,76,78,45,121,71,73,21,77,136,116,104,24,61,76,56,168,22,125,96,24,15,56,78,61,102,28,62,56,25,20,21,20,21,12,19,67,25,62,91,44,23,117,48,28,22,19,64,22,93,100,128,99,29,21,21,66,49,14,26,23,26,128,128,98,33,120,27,94,89,32,128,60,71,39,148,77,47,38,40,46,82,42,108,47,106,48,65
10.5,36,118,67,23,80,115,45,25,40,79,79,44,129,77,79,22,82,143,121,108,27,62,79,56,178,28,132,100,27,17,58,81,63,106,29,62,64,30,24,25,21,19,15,19,69,27,63,94,54,29,123,53,29,24,20,66,25,96,106,132,110,34,26,24,67,52,14,28,24,27,133,133,109,39,128,31,102,93,34,135,62,75,41,154,90,55,46,48,53,89,45,114,50,110,50,69
10.75,28,115,64,19,81,113,42,20,37,80,81,46,127,75,76,18,83,143,122,109,23,62,81,56,176,21,131,100,23,13,58,80,62,106,26,61,57,23,19,19,20,20,11,18,69,24,61,93,42,21,120,55,26,20,17,66,21,97,105,134,102,28,20,20,68,53,12,25,22,25,133,133,101,31,124,25,95,91,29,133,59,75,38,154,81,46,37,39,45,82,41,114,47,113,47,64
11,33,123,67,26,85,121,46,25,41,85,84,49,133,80,81,23,90,150,129,114,29,66,86,59,180,24,136,105,26,17,61,84,66,111,32,66,65,27,22,24,24,22,18,21,74,31,67,99,48,25,126,63,35,25,22,71,26,102,110,142,108,31,23,24,74,59,20,34,27,32,139,141,108,36,130,30,104,102,37,144,67,83,45,163,90,52,41,45,52,93,51,125,59,121,58,75
11.25,30,122,68,20,90,119,44,20,40,85,84,47,135,81,81,19,93,153,130,114,23,65,86,57,186,22,138,104,26,15,59,83,65,111,27,63,62,25,20,19,24,21,11,19,75,25,65,98,44,23,128,65,27,22,18,70,23,100,112,141,108,29,22,21,74,58,11,25,23,25,138,140,105,32,133,25,99,94,30,139,59,82,39,161,87,47,38,39,46,80,41,121,45,119,46,64
11.5,34,129,69,25,90,125,46,25,40,88,87,50,140,86,84,23,98,158,134,119,27,68,91,59,186,24,141,110,27,17,61,87,68,115,31,66,68,27,22,24,27,22,19,20,77,30,69,102,48,24,131,71,34,25,22,72,25,105,116,149,112,31,22,24,79,63,20,33,27,30,144,147,110,36,137,27,107,105,37,149,67,89,45,170,94,52,41,45,52,91,51,131,59,129,58,75
11.75,31,130,69,23,92,126,45,23,39,89,86,47,143,87,85,22,102,161,136,121,24,67,94,58,190,22,144,112,27,16,62,86,68,117,29,64,67,25,20,21,26,21,14,20,78,26,69,103,46,23,133,74,30,22,19,72,24,106,118,149,112,29,23,21,79,63,14,28,24,27,144,148,109,33,139,26,106,101,33,148,63,90,41,171,92,49,39,41,47,86,44,130,51,129,50,68
12,30,132,70,22,96,129,45,21,40,89,89,51,148,91,86,20,107,165,139,123,25,69,96,60,194,22,147,113,27,15,63,88,70,118,29,65,70,25,20,21,29,22,14,20,80,27,70,104,45,24,135,79,30,23,20,72,24,109,118,153,114,29,22,21,82,67,15,28,25,27,146,152,110,34,142,25,106,104,32,150,62,93,41,173,94,49,39,41,47,86,46,134,52,134,53,70
12.25,31,136,72,24,99,132,46,24,42,92,90,48,151,96,89,23,112,169,143,126,26,69,102,60,197,24,151,117,29,17,65,91,72,122,30,64,72,25,21,22,30,23,15,20,81,28,72,106,45,24,139,83,31,24,19,74,25,111,124,157,116,29,22,23,85,70,16,29,25,28,150,154,111,34,147,27,108,106,32,154,63,97,42,176,96,48,39,41,47,85,44,138,51,142,52,67
12.5,30,139,74,23,101,135,46,24,41,92,91,44,155,101,90,21,117,173,146,128,26,69,105,59,202,24,155,121,29,16,65,92,73,125,28,64,73,26,21,21,30,21,14,19,82,27,73,107,47,24,143,85,28,23,19,74,24,113,128,160,119,29,22,21,86,71,12,25,23,27,152,157,114,34,151,26,110,105,31,156,61,105,40,180,98,48,39,42,46,84,42,141,46,159,47,64
12.75,30,141,76,20,107,135,46,21,41,91,92,46,159,106,90,19,123,175,148,130,23,70,109,59,207,22,158,123,30,15,65,93,74,124,26,63,72,25,19,20,33,22,11,19,84,24,73,107,44,24,144,90,25,22,18,74,22,113,128,161,121,29,22,21,89,73,10,21,22,24,151,158,113,32,154,25,108,102,27,154,57,112,37,180,97,46,38,38,43,76,37,142,40,180,41,59
13,31,146,74,25,106,142,48,25,41,91,93,49,164,111,93,23,135,181,152,135,27,72,112,61,205,24,159,126,31,17,69,95,75,128,31,66,79,26,22,24,35,22,18,21,84,30,76,113,47,24,148,96,35,24,22,77,25,118,130,169,125,30,21,24,94,77,20,33,26,31,156,164,117,35,157,27,116,117,35,166,67,125,44,187,105,52,40,43,51,91,50,153,58,205,57,73
13.25,32,149,77,22,112,143,48,23,43,92,94,47,172,116,94,21,158,183,155,136,25,73,116,60,212,24,164,130,33,16,68,97,77,129,28,65,79,26,22,21,37,23,13,21,86,26,77,113,46,24,152,101,29,23,19,77,24,117,134,170,127,30,23,23,96,79,14,26,24,27,157,165,117,34,161,26,114,111,31,163,61,128,41,188,103,48,40,41,46,82,41,153,46,217,47,64
13.5,33,153,78,26,113,148,50,25,43,94,95,50,180,117,96,23,177,189,159,139,28,74,119,61,213,25,166,133,32,18,70,99,77,132,31,67,84,26,22,24,39,24,19,21,87,31,79,118,50,25,154,105,36,26,23,80,27,120,137,175,130,31,22,25,99,83,21,34,27,32,162,170,121,37,164,28,120,122,36,172,69,139,46,195,112,52,41,45,53,93,51,163,60,233,59,74
13.75,30,154,79,21,117,148,48,22,42,94,95,51,187,120,95,21,192,190,161,140,24,74,119,61,219,23,169,134,33,15,69,100,77,132,29,66,84,24,20,22,40,23,13,20,88,26,80,117,46,25,156,108,29,23,18,78,24,120,138,176,131,29,22,22,100,84,14,26,24,27,160,170,119,34,166,26,116,116,29,167,62,140,40,193,109,47,39,40,46,82,42,163,49,238,49,66
14,33,159,80,25,117,153,50,25,43,96,97,51,197,123,98,24,204,196,166,144,28,76,123,62,219,25,171,135,34,19,72,103,79,137,32,67,89,27,22,24,43,24,20,22,89,31,82,121,50,26,160,114,36,25,23,81,27,123,142,182,135,32,23,24,106,89,21,34,28,31,165,174,124,37,170,29,123,126,36,176,67,149,45,199,115,52,41,45,52,92,51,174,60,251,58,74
14.25,32,162,82,24,122,155,50,25,43,97,99,49,203,124,99,23,215,199,168,148,27,77,125,62,224,25,175,138,35,17,72,104,80,138,29,67,88,27,23,23,45,23,15,21,91,28,83,122,48,27,164,118,31,25,21,80,25,124,145,183,136,31,24,24,108,90,16,28,25,29,166,176,124,35,174,29,123,122,32,174,63,150,41,200,114,49,41,43,48,85,43,179,49,257,50,66
14.5,35,166,82,28,122,159,53,28,44,98,99,51,212,125,101,25,223,205,173,152,30,79,127,64,224,27,177,139,35,21,75,107,81,142,33,70,93,28,23,26,47,25,23,23,92,34,85,126,52,27,166,122,39,27,26,83,29,126,148,190,140,34,25,26,112,95,24,37,29,34,170,181,126,38,178,29,129,134,39,183,71,158,49,207,121,54,43,48,56,96,55,190,63,267,63,77
14.75,33,167,83,25,125,159,53,26,43,99,100,50,219,126,102,24,230,206,175,152,29,78,128,63,228,25,179,139,35,18,74,108,80,142,32,68,94,26,22,24,48,23,19,21,93,32,85,126,50,26,169,125,35,26,22,82,26,127,150,190,142,32,24,25,112,97,19,32,27,31,169,181,127,37,179,29,128,131,34,182,67,159,45,208,120,52,41,44,52,91,49,192,57,271,56,72
15,32,168,83,22,128,160,52,24,43,99,101,50,225,127,101,21,237,208,176,154,26,78,130,63,232,24,181,141,33,16,73,109,81,143,29,67,95,25,22,23,49,24,16,20,92,28,85,127,47,25,170,128,32,23,20,83,25,127,151,192,143,31,22,23,113,98,16,29,25,29,168,183,127,34,182,28,128,130,32,181,64,161,42,208,120,49,39,43,48,86,45,195,52,275,53,68
15.25,33,173,85,25,130,163,54,25,44,101,102,50,233,129,103,24,244,213,179,157,27,80,131,64,235,25,185,144,36,19,74,112,82,146,31,68,97,27,23,25,53,24,19,21,96,30,87,129,49,27,174,133,34,25,22,83,26,128,155,195,146,31,24,25,118,102,18,31,27,31,170,186,128,36,186,29,131,133,34,185,66,164,44,212,123,50,40,43,50,89,47,200,55,281,54,69
15.5,34,176,84,26,130,167,55,27,44,101,102,49,240,130,104,24,248,217,183,159,29,80,132,64,235,25,186,145,35,19,75,113,82,149,32,68,100,27,22,25,55,23,21,22,95,32,87,132,50,27,176,136,37,26,24,85,27,130,158,199,148,32,23,25,121,106,21,34,27,33,172,189,130,36,188,28,134,138,36,190,69,168,47,216,125,52,42,45,53,93,51,206,59,287,58,73
15.75,35,180,85,28,133,170,56,27,44,102,103,51,248,132,106,25,255,220,186,163,30,83,134,65,237,28,189,146,36,20,76,115,83,150,33,71,104,29,24,27,57,26,23,23,98,34,88,135,52,28,179,140,40,27,25,86,29,131,161,204,152,33,25,27,125,111,23,37,30,34,173,193,132,38,193,30,137,143,38,194,70,172,48,220,130,55,42,47,56,95,55,211,63,291,62,77
16,29,180,88,20,140,169,56,22,44,102,104,47,255,132,105,20,260,220,186,163,23,81,133,63,249,23,192,148,34,16,75,116,83,146,27,66,96,23,21,20,57,23,13,20,99,25,87,128,44,24,179,142,27,23,19,84,24,130,161,200,151,29,22,22,123,111,11,21,24,24,170,190,128,32,195,26,131,130,27,184,57,167,37,217,123,45,39,37,43,75,36,207,38,290,41,58
16.25,32,184,87,24,139,174,57,25,44,103,104,51,261,134,108,22,266,226,191,167,27,82,134,65,247,26,194,149,36,18,77,118,84,151,30,69,105,26,23,23,61,24,16,21,100,28,89,134,49,25,183,145,33,25,21,86,25,131,164,206,154,31,24,24,128,116,17,30,26,29,173,193,131,35,197,29,137,140,32,192,64,173,42,223,130,49,41,42,49,87,46,213,53,296,53,68
16.5,33,186,89,25,141,176,60,26,45,105,105,50,268,135,109,23,270,230,195,170,27,84,136,65,249,25,197,152,36,18,78,121,86,153,32,69,108,27,23,24,62,25,19,22,101,30,90,136,50,27,186,149,35,26,23,88,27,133,167,209,157,32,24,25,130,119,19,31,27,31,174,198,134,37,201,29,141,145,34,196,66,177,45,227,133,51,42,44,51,90,48,218,55,300,56,70
16.75,33,189,88,26,142,179,61,27,45,106,106,51,272,136,110,24,273,234,197,172,28,85,137,66,249,26,199,153,35,19,78,122,87,154,32,70,111,27,23,26,64,25,22,22,102,32,91,139,51,27,187,152,37,27,24,89,28,134,169,214,160,32,24,25,135,123,21,34,28,33,176,199,135,37,204,30,144,148,36,199,68,179,46,230,135,51,41,45,54,93,51,221,60,305,58,73
17,35,192,90,29,146,182,65,29,46,108,108,53,278,138,112,26,278,239,201,176,30,86,139,68,253,27,202,156,37,21,79,125,89,156,33,72,114,29,25,27,68,27,22,23,104,33,93,141,53,29,191,157,39,28,25,90,28,135,172,216,163,35,26,27,139,127,23,35,29,34,178,203,137,39,208,32,147,153,38,202,71,182,47,234,139,55,44,48,55,94,53,225,61,309,60,76
17.25,31,190,92,23,149,183,64,24,44,108,107,51,282,137,111,22,281,240,203,176,27,85,139,66,259,25,204,156,37,17,79,125,87,155,30,68,112,26,22,23,68,25,16,20,104,29,92,139,49,26,193,158,32,25,21,89,25,134,172,216,165,31,25,24,138,129,16,29,25,29,175,203,135,35,210,28,145,148,32,199,63,179,42,234,136,49,41,42,48,86,45,223,50,307,51,66
17.5,36,194,92,29,148,187,68,30,47,110,109,51,286,139,114,26,284,246,207,180,30,87,141,67,258,28,207,158,37,21,81,128,90,159,33,71,119,29,25,28,71,26,22,24,106,34,95,144,53,29,195,162,38,29,25,91,29,138,177,221,168,34,26,28,143,133,22,35,28,33,179,208,139,39,215,31,151,155,37,206,70,186,47,241,142,53,42,47,55,94,51,231,60,315,58,73
17.75,33,194,91,28,151,189,68,27,47,111,109,52,288,140,113,26,287,248,208,181,29,88,141,67,259,26,207,159,37,20,81,129,90,159,33,71,120,27,24,26,72,26,21,23,106,32,94,145,51,26,195,163,38,28,24,92,28,138,178,222,169,32,25,26,144,136,21,33,27,33,178,208,137,37,216,30,150,156,35,205,68,185,46,241,142,51,41,44,52,91,50,229,58,316,57,72
18,30,194,93,24,155,190,69,24,45,111,109,49,293,140,113,22,290,251,210,182,26,87,142,66,266,24,210,160,36,17,79,128,90,158,29,69,117,25,23,23,73,24,15,21,107,28,94,142,48,26,198,167,32,24,20,91,25,137,178,222,171,31,24,24,147,137,15,27,25,28,177,208,137,34,219,29,149,151,31,204,62,183,41,242,141,48,39,41,48,82,43,230,47,314,49,63
18.25,35,197,93,29,154,195,72,29,47,113,110,53,297,143,115,27,293,257,216,186,32,89,143,69,263,28,211,161,38,21,82,132,93,161,35,73,126,29,25,27,76,26,24,24,108,35,96,148,54,28,200,171,41,29,26,94,29,140,181,229,174,34,25,27,152,143,25,38,30,35,181,215,141,39,223,31,157,164,39,213,71,191,49,249,147,54,44,48,57,97,56,238,64,322,62,77
18.5,32,196,94,25,157,195,73,25,45,113,110,47,299,142,115,22,295,259,215,186,26,87,143,67,271,25,214,161,37,18,81,132,92,160,29,69,122,26,22,24,76,23,16,21,110,30,96,144,49,26,203,173,32,25,21,92,26,139,184,226,175,31,25,24,153,142,15,27,25,29,179,212,138,34,226,29,155,156,30,208,64,188,42,248,144,48,40,41,49,83,43,236,48,320,48,64
18.75,31,197,96,24,162,198,76,25,46,115,112,49,304,144,115,23,299,263,219,189,26,89,144,67,274,25,216,164,38,18,81,133,93,160,29,69,121,26,23,24,78,25,15,22,112,28,98,144,48,25,205,176,32,26,22,93,26,140,185,228,176,31,25,24,156,145,15,26,25,27,178,214,138,35,229,29,155,155,30,208,61,187,41,250,144,47,39,41,46,81,41,237,45,320,46,61
19,33,199,96,27,162,202,78,27,47,117,113,49,307,145,117,25,302,269,223,191,29,91,145,68,274,27,218,165,40,20,83,135,95,163,30,71,128,27,24,26,80,24,19,22,113,31,100,147,52,27,209,179,35,28,23,95,27,142,189,233,180,33,25,26,160,147,18,30,26,30,182,217,141,37,233,31,160,162,34,214,65,192,44,255,149,50,42,43,51,88,46,243,51,325,51,65
19.25,31,198,98,21,166,202,79,24,46,117,113,48,310,145,117,21,304,271,224,192,24,88,144,66,281,24,221,164,39,17,81,136,95,159,28,68,122,24,23,22,80,23,14,21,114,26,99,144,47,26,211,182,29,25,20,94,25,142,188,230,181,30,24,23,160,147,12,22,24,26,180,216,140,33,236,28,157,156,28,210,59,191,39,254,146,45,40,39,45,78,38,241,40,323,42,58
19.5,33,200,97,27,166,207,84,27,47,121,115,52,313,146,118,26,306,276,228,195,29,92,147,69,276,26,220,166,39,20,82,138,96,164,32,71,132,28,24,25,83,27,20,23,115,31,101,150,52,27,213,184,37,27,24,97,27,143,190,238,184,33,26,26,166,152,20,32,28,31,182,222,142,37,237,31,163,167,33,218,67,194,45,258,153,51,42,45,51,90,48,245,56,328,55,69
19.75,32,201,97,25,168,209,85,26,47,121,115,52,316,147,119,23,308,277,230,197,28,92,148,69,279,25,221,165,38,19,82,139,97,164,31,71,134,26,24,24,85,25,19,22,115,31,101,150,50,26,216,185,35,26,22,97,26,143,192,239,185,32,24,25,167,152,18,30,27,30,182,223,141,35,238,30,163,167,32,218,64,195,43,260,153,48,40,43,49,87,46,246,53,328,52,67
20,31,202,99,24,170,211,88,26,46,123,116,51,319,148,120,22,310,281,232,199,27,92,149,69,283,25,225,167,39,19,83,140,97,165,30,71,134,27,24,24,87,24,17,22,117,30,102,150,50,28,223,189,34,27,22,97,26,144,193,240,188,32,25,25,170,154,17,28,25,29,183,224,141,36,242,30,165,167,31,220,64,196,42,262,155,48,41,43,50,85,44,248,49,329,50,64
20.25,34,204,98,30,169,215,93,30,49,126,116,52,319,148,120,27,311,285,237,202,31,95,150,69,278,28,223,168,40,22,84,143,99,167,34,74,141,29,25,28,88,25,25,24,118,35,104,155,55,29,229,192,41,28,26,101,29,146,198,246,189,34,26,28,175,156,23,36,28,33,186,229,143,40,245,32,172,175,37,227,71,201,48,266,160,53,43,47,56,94,52,254,61,335,59,72
20.5,34,204,97,30,170,218,95,30,48,126,116,51,320,148,119,27,312,288,236,204,31,94,149,69,276,26,222,167,39,21,85,142,99,167,33,73,142,28,24,28,89,26,24,24,118,35,103,155,52,28,233,193,41,28,25,100,29,145,198,248,189,33,25,26,176,157,23,36,28,33,186,230,143,38,245,30,172,177,37,228,71,201,48,267,160,53,42,47,56,95,52,255,62,336,59,74
20.75,31,204,102,23,176,218,96,26,47,127,117,49,325,150,120,23,315,291,236,205,26,93,152,69,289,26,228,169,40,19,83,143,100,166,30,70,137,26,23,25,91,24,15,21,120,29,104,151,50,27,243,197,33,26,21,101,26,147,199,246,193,32,26,25,178,158,15,27,25,28,185,229,143,36,251,30,170,169,30,224,62,200,41,267,159,48,40,42,48,83,42,255,46,333,48,62
21,41,209,105,33,176,225,106,35,52,132,120,50,330,153,127,29,320,301,244,210,36,96,154,72,292,34,236,174,44,26,87,149,104,172,33,75,147,36,31,33,94,25,25,24,125,36,110,160,64,35,261,209,39,31,27,105,30,153,211,253,203,41,33,32,188,163,21,35,30,33,195,239,154,45,264,39,184,180,39,238,71,214,49,275,168,61,53,57,62,98,51,271,56,343,56,72
21.25,37,208,103,32,176,227,106,34,50,133,119,52,328,151,124,29,318,300,242,212,34,97,154,72,282,30,229,172,42,25,87,149,103,171,35,75,149,33,27,30,95,27,28,25,123,38,107,160,57,31,254,204,44,33,28,105,31,150,205,256,197,37,27,30,187,164,27,40,31,36,190,237,147,42,256,34,178,184,41,236,73,209,50,274,167,56,45,51,59,99,56,264,65,341,63,77
21.5,34,207,102,29,176,228,108,31,49,133,119,52,329,152,122,26,319,302,242,211,31,96,154,71,284,27,229,172,40,22,86,146,102,170,33,74,150,29,24,28,95,26,25,24,123,35,106,160,55,29,258,205,43,31,26,105,29,150,205,256,197,34,26,28,188,162,25,36,29,35,188,237,146,38,256,32,179,184,38,236,71,208,49,273,167,53,44,47,56,96,55,263,62,340,61,74
21.75,34,208,105,29,179,229,111,31,50,135,120,51,332,152,123,27,321,304,242,213,32,98,155,72,286,28,230,172,41,22,86,150,103,171,33,74,151,29,25,27,96,26,25,25,125,35,107,160,54,29,263,208,40,30,25,108,30,151,207,257,200,34,26,28,192,163,23,36,29,35,190,239,147,39,259,32,181,183,37,238,71,209,47,275,168,53,43,47,55,95,52,265,60,341,58,71
22,33,209,108,27,182,231,113,29,48,136,122,53,333,153,122,25,322,307,242,214,29,97,156,71,289,27,232,172,41,20,85,149,102,170,32,73,152,29,25,26,97,25,22,23,126,33,107,161,53,29,266,210,39,29,25,107,28,149,206,259,201,33,25,27,194,164,22,35,28,33,189,239,147,39,261,31,181,185,36,238,69,209,47,275,170,53,42,46,55,94,52,264,61,341,60,73
22.25,32,208,111,29,184,234,117,29,48,137,122,55,335,154,123,26,323,308,242,215,30,98,157,73,290,26,231,172,40,21,86,150,103,171,34,75,153,27,25,27,99,27,22,24,128,34,107,162,53,27,268,210,40,29,25,109,28,150,206,260,202,32,26,27,196,164,22,35,29,33,188,241,146,39,261,32,181,187,36,238,69,208,47,276,170,52,42,46,54,94,54,264,62,340,61,74
22.5,29,208,121,22,189,235,117,25,47,137,121,52,339,155,122,21,325,310,241,214,26,95,157,71,300,24,237,173,40,18,84,149,104,167,29,69,143,25,22,23,99,25,15,21,130,28,107,156,47,26,274,214,32,26,21,107,25,149,208,256,204,30,24,24,198,164,13,24,25,26,186,238,147,33,266,29,177,176,27,233,59,207,38,275,166,46,38,39,46,79,40,265,42,336,44,57
22.75,32,211,128,24,192,238,122,27,49,141,123,51,341,157,125,23,327,314,242,216,27,98,160,71,303,27,240,176,43,20,87,152,105,169,30,71,145,27,24,25,103,25,16,23,133,30,110,158,50,29,279,220,33,28,23,110,27,152,213,259,207,34,27,26,203,165,16,26,26,28,189,242,150,36,272,31,181,180,29,236,60,210,41,279,168,48,42,41,47,80,41,270,41,340,44,59
23,31,211,128,27,190,240,125,29,49,142,123,49,340,157,125,25,328,317,243,217,28,98,161,71,298,27,238,176,43,20,86,154,106,171,30,72,153,27,25,26,104,25,18,23,133,31,110,161,51,28,280,222,36,28,23,112,28,153,214,263,209,33,27,27,205,166,19,30,26,30,191,244,149,37,271,31,184,184,32,241,63,214,43,280,172,49,41,43,51,86,44,271,48,342,50,63
23.25,36,214,132,30,189,243,130,34,51,145,123,49,343,160,129,26,331,322,247,220,33,99,163,73,302,32,243,179,44,24,88,157,108,174,31,74,159,32,29,29,106,25,23,24,136,34,113,167,60,32,290,230,37,29,25,114,29,157,224,268,214,37,30,29,214,168,19,31,28,32,199,251,155,43,279,36,193,189,36,249,69,222,46,287,178,56,48,51,58,94,49,283,53,349,53,67
23.5,38,217,143,27,193,246,133,32,51,146,124,49,347,161,132,26,333,325,246,220,32,99,164,73,313,34,249,181,44,23,89,160,108,173,30,72,158,35,30,30,108,25,20,23,139,33,112,165,62,34,298,237,35,29,25,115,29,158,224,267,221,41,33,31,219,169,17,30,28,31,199,252,162,44,288,38,197,189,35,250,65,223,44,287,179,57,51,53,59,92,47,286,50,350,49,64
23.75,37,217,153,27,198,249,137,32,51,147,126,50,348,162,131,27,334,326,248,221,31,98,165,74,316,31,252,183,47,25,90,160,109,172,32,73,153,34,30,30,110,26,19,24,142,34,115,165,59,34,300,240,34,30,26,117,31,159,229,268,220,39,33,31,223,170,16,27,29,30,201,255,162,43,290,37,197,188,33,249,65,226,45,290,177,55,51,51,56,88,44,289,44,349,49,65
24,36,216,158,25,198,250,139,32,52,148,126,51,349,162,131,25,335,327,248,222,31,99,166,75,316,31,251,183,46,23,90,160,109,172,31,74,153,32,28,28,110,25,14,23,143,32,115,165,58,33,302,242,33,29,25,118,30,158,231,269,222,39,32,30,225,169,16,27,28,31,201,257,162,42,291,37,198,189,33,250,65,227,45,291,177,54,50,50,55,87,44,290,44,350,50,65
24.25,34,215,161,24,199,252,141,30,50,149,125,48,349,162,130,24,335,327,247,222,30,98,166,73,315,29,250,182,44,22,89,160,109,172,31,72,154,30,26,27,111,24,13,22,143,31,114,166,55,31,300,242,31,28,24,118,28,158,231,269,221,35,29,27,226,168,15,25,27,29,201,257,160,40,290,34,196,187,31,250,62,226,43,293,177,50,47,47,53,85,42,290,41,350,45,63
24.5,41,218,154,34,194,257,147,38,53,151,126,51,349,162,132,30,335,333,251,224,35,102,169,76,306,35,248,181,46,26,91,163,110,178,35,76,172,36,31,33,114,26,20,25,142,38,115,177,66,36,304,244,44,33,28,120,32,160,232,280,224,42,33,32,232,170,25,40,30,36,206,260,160,48,291,40,205,201,41,262,74,234,52,299,189,61,53,57,65,101,56,295,62,357,59,74
24.75,35,217,157,30,198,258,146,33,51,151,126,52,348,162,129,27,334,329,247,224,33,102,169,75,302,29,242,179,43,23,88,160,108,176,32,75,170,29,27,28,114,26,20,25,140,36,113,173,56,30,294,238,43,31,26,121,29,156,225,278,219,35,28,29,229,166,24,36,29,34,199,257,153,40,284,33,198,200,38,257,71,226,49,296,186,54,43,48,57,95,53,283,60,352,58,71
25,38,220,168,30,200,259,151,34,52,155,127,50,352,165,134,28,338,333,250,225,33,102,171,76,315,34,251,184,46,25,91,164,111,177,32,74,172,35,31,31,116,26,17,24,145,36,115,175,65,35,308,251,39,31,26,122,31,160,232,278,229,41,33,31,236,169,21,33,29,33,204,261,162,46,295,38,207,200,39,261,71,232,47,301,190,59,52,55,61,97,52,294,56,355,55,68
25.25,33,218,179,26,205,261,152,31,52,155,128,49,353,166,131,25,339,333,250,225,30,100,172,77,320,29,252,184,45,23,90,165,111,174,31,73,160,31,26,27,116,25,15,24,149,32,116,171,53,31,307,251,33,29,25,122,29,160,236,276,226,36,30,28,237,169,16,26,27,29,204,263,163,40,295,34,201,194,31,256,63,232,44,301,182,50,47,46,54,85,43,294,42,352,47,63
25.5,35,219,183,26,206,263,155,31,51,156,128,49,353,167,133,26,340,335,250,226,30,99,173,77,324,32,256,187,47,23,90,165,111,174,30,73,164,32,28,29,118,25,14,23,149,32,116,172,58,33,311,257,33,29,25,123,29,161,237,277,230,38,32,30,242,169,16,27,28,30,205,264,165,42,299,37,206,195,33,259,65,234,44,303,185,54,49,50,56,88,43,297,44,353,48,63
25.75,39,222,185,29,206,266,159,33,51,158,129,50,357,169,136,27,342,337,251,228,31,101,175,78,326,34,257,187,48,25,91,167,112,176,31,74,172,35,31,31,120,25,15,24,150,34,117,175,64,36,315,261,35,30,26,125,30,161,240,280,236,42,34,32,247,171,18,29,29,31,208,265,169,45,303,39,210,198,35,263,67,237,44,306,191,58,51,53,59,91,47,300,47,356,50,65
26,39,221,186,28,206,266,161,33,52,158,128,50,356,170,136,28,342,339,251,228,32,101,176,80,326,34,257,188,48,25,91,168,114,177,31,74,173,34,31,31,120,25,15,24,150,34,117,177,63,35,317,263,36,30,26,125,30,162,242,281,237,41,33,32,249,171,17,30,29,32,209,267,169,43,305,39,212,200,35,266,67,238,45,307,192,57,52,54,59,92,47,303,48,357,50,64
26.25,33,220,195,26,211,268,165,31,52,159,129,50,356,170,134,27,343,338,251,229,31,101,178,81,328,31,257,188,46,23,92,168,116,176,32,74,166,32,28,28,121,26,14,24,153,33,118,175,57,32,314,263,34,30,25,126,30,162,243,281,234,38,31,29,249,170,16,27,29,31,207,269,168,41,303,36,209,197,33,263,64,238,44,308,188,53,49,49,55,86,44,301,43,356,48,63
26.5,31,220,192,25,209,269,164,30,50,160,129,50,355,170,133,24,342,337,249,229,30,102,179,80,322,28,252,185,44,21,90,167,116,177,30,73,171,29,26,26,121,25,13,23,152,32,117,176,54,29,309,259,34,29,23,126,29,161,240,283,230,34,28,27,248,168,15,26,26,29,206,267,162,37,298,33,206,196,30,262,62,236,42,308,188,49,44,45,51,84,42,297,42,354,46,61
26.75,37,223,201,28,212,271,170,32,52,162,130,51,358,175,137,27,345,341,252,230,31,102,181,81,332,34,260,190,47,24,92,169,120,177,30,73,173,34,30,31,123,25,15,24,154,33,118,177,62,35,319,270,35,30,26,128,30,162,245,283,241,41,33,31,256,171,16,28,28,31,209,270,172,44,309,39,215,199,34,267,65,241,44,310,194,56,50,51,57,89,45,304,44,357,48,63
27,35,223,204,25,212,273,171,31,52,162,130,50,359,176,136,25,346,341,253,230,30,102,181,82,333,31,261,190,47,23,92,170,121,176,30,74,172,33,29,29,124,25,15,24,155,32,118,178,59,34,318,271,34,30,26,130,30,163,246,285,240,39,32,29,258,171,15,27,27,31,209,272,172,43,310,37,214,200,32,268,64,242,45,311,192,54,50,49,56,88,44,305,44,358,47,64
27.25,29,219,204,25,216,275,170,26,50,162,129,52,356,176,133,24,343,337,247,231,28,102,182,80,324,26,251,185,44,20,89,166,121,176,30,73,173,26,25,26,123,27,15,24,152,30,116,176,49,28,305,259,34,29,23,129,28,158,236,283,230,32,26,26,251,166,15,26,27,28,203,266,163,35,298,30,203,197,28,262,59,231,40,306,190,44,41,40,47,78,41,291,39,350,44,56
27.5,43,225,190,37,209,278,181,40,55,165,131,53,357,180,139,32,346,347,256,233,38,107,185,84,318,38,254,189,49,29,95,174,124,183,37,78,192,37,33,35,127,27,23,27,154,41,120,191,70,38,319,271,47,35,30,134,35,164,250,297,242,45,34,35,264,173,28,41,33,39,217,279,170,49,310,41,223,213,44,282,78,250,54,319,207,65,54,60,70,104,59,312,66,366,62,76
27.75,42,225,193,35,210,279,182,39,54,166,131,52,357,185,139,31,346,346,256,234,37,106,187,86,320,37,255,189,49,28,94,174,127,184,35,78,193,36,32,35,128,27,21,26,155,40,120,192,68,37,319,274,45,34,29,134,33,164,251,296,245,43,34,34,266,171,26,40,32,38,218,280,171,49,312,40,224,211,42,282,76,251,52,320,207,62,54,59,66,102,57,311,62,366,59,74
28,37,224,203,29,213,278,182,33,50,166,130,49,360,189,139,27,347,344,252,233,33,103,187,84,328,35,257,190,47,25,92,172,127,181,32,73,190,34,31,31,128,26,17,24,156,35,118,186,65,35,319,276,39,30,26,133,29,161,247,292,246,41,32,32,266,170,20,34,28,32,212,275,171,46,312,39,222,206,36,277,70,246,46,316,205,59,50,55,61,96,50,306,55,361,53,66
28.25,34,224,216,26,218,280,185,33,53,167,132,51,360,196,139,26,349,345,255,234,32,103,188,88,335,31,261,192,48,24,93,174,131,178,31,75,180,32,28,29,128,25,15,24,161,35,120,185,58,32,320,280,35,30,26,135,31,165,255,291,245,38,31,30,268,172,16,28,29,31,215,280,176,42,315,37,220,202,32,276,65,248,46,317,197,53,50,50,56,87,44,310,44,360,48,64
28.5,30,224,217,24,220,281,184,28,51,167,131,50,359,198,137,24,348,342,250,234,28,103,189,84,328,27,253,189,46,20,91,172,130,178,30,73,180,28,25,26,128,25,14,24,158,31,118,182,52,28,310,271,36,30,24,134,28,161,246,290,238,34,27,27,263,167,15,26,26,28,207,274,168,37,306,32,211,199,28,271,60,240,40,313,197,47,42,41,48,79,41,299,41,354,44,58
28.75,32,224,219,24,220,282,188,30,52,168,131,49,361,206,140,24,350,345,254,234,30,102,190,87,333,29,258,192,46,22,93,174,132,179,30,74,182,31,26,26,130,24,14,24,162,33,119,185,55,30,318,280,33,30,24,136,29,164,255,291,245,35,29,28,269,170,14,27,27,29,213,279,174,39,313,34,219,200,30,275,62,248,42,318,199,50,46,48,53,85,43,309,41,359,45,61
29,33,226,221,26,220,284,191,32,52,169,133,51,362,211,141,26,352,346,254,236,31,104,192,88,333,32,259,193,47,23,93,177,135,179,31,75,186,32,28,28,131,25,15,25,163,34,120,187,57,32,319,283,35,30,27,137,30,165,257,293,247,37,30,29,272,171,16,26,28,30,214,281,176,42,315,36,222,202,32,276,64,249,43,319,202,51,48,48,54,85,44,310,43,359,47,61
29.25,33,226,223,25,222,285,195,31,52,168,133,49,362,216,141,24,352,347,255,237,31,103,193,88,333,31,260,194,48,23,93,177,136,180,31,73,186,31,27,28,132,25,15,25,165,34,120,188,58,33,319,286,34,30,25,138,29,165,260,294,248,37,30,28,274,171,16,26,28,30,215,283,178,40,317,36,223,202,32,279,63,251,44,320,201,51,47,48,54,86,44,311,42,360,47,62
29.5,35,227,223,27,222,287,196,33,52,170,132,50,363,221,143,26,353,348,255,237,30,105,193,89,333,34,261,195,49,24,93,178,137,181,31,74,192,33,29,29,133,26,15,24,164,34,120,189,61,33,320,287,36,30,26,138,29,164,260,296,251,38,32,29,276,171,17,29,28,30,214,281,178,43,317,38,225,202,33,280,65,251,44,320,206,54,48,50,56,87,46,311,45,361,48,61
29.75,37,225,205,36,220,292,204,38,55,171,133,55,358,215,138,31,349,346,252,239,38,109,196,91,310,32,244,187,48,26,94,177,134,186,37,79,204,31,27,32,132,29,28,28,156,42,118,196,57,30,302,273,49,35,30,139,33,161,255,304,241,35,27,30,270,166,30,40,33,37,213,284,168,40,304,34,222,211,39,284,74,248,52,318,207,53,42,49,59,98,59,301,65,363,63,74
30,39,229,206,37,218,293,208,41,56,174,133,53,360,222,142,33,352,352,257,241,40,109,197,95,313,37,250,192,49,30,95,181,137,187,39,80,207,35,30,35,134,28,26,27,161,43,122,202,65,34,313,284,49,36,32,142,34,165,266,308,248,39,31,33,278,170,29,42,33,39,222,290,172,46,313,38,230,214,44,290,78,259,53,325,213,59,48,56,66,102,59,315,64,369,62,75
30.25,34,226,208,35,220,293,207,36,53,173,133,55,359,221,139,30,351,346,252,239,36,109,197,92,309,31,244,188,45,25,94,177,136,185,37,78,206,30,27,31,132,28,26,27,157,41,118,197,57,28,303,277,48,33,28,141,32,161,259,305,244,34,26,29,272,165,29,40,31,37,214,285,169,40,306,33,223,212,39,284,73,249,51,317,210,54,42,49,60,97,59,302,65,363,62,74
30.5,37,230,211,35,219,294,211,39,55,174,133,52,361,228,143,31,354,352,257,241,38,108,199,95,314,36,250,192,48,27,94,182,139,187,36,78,209,33,30,33,136,27,24,27,164,42,121,202,64,33,314,289,47,33,29,143,33,165,270,307,251,38,30,31,281,169,27,39,31,38,221,290,173,44,315,37,232,213,41,291,75,259,51,323,215,57,48,53,62,100,56,314,62,369,59,72
30.75,40,229,210,38,220,296,216,42,56,175,134,53,361,230,145,33,354,354,258,241,40,108,202,97,314,37,251,193,49,30,96,183,141,187,39,79,212,35,30,35,137,28,25,27,165,43,123,206,66,35,316,292,49,36,30,145,34,166,274,310,253,41,31,32,284,170,29,42,33,39,224,294,176,46,318,38,235,214,44,295,78,264,53,327,218,60,49,57,66,103,59,318,64,371,61,74
31,34,229,222,30,222,294,212,35,53,175,134,50,363,234,145,28,355,351,255,240,33,107,201,95,321,33,253,194,47,23,94,182,141,186,33,76,208,30,28,30,137,26,18,25,167,38,122,198,59,31,314,291,42,31,26,144,30,165,272,303,252,36,28,29,282,169,22,33,28,33,219,288,173,40,317,35,229,206,35,288,69,257,46,322,212,52,44,49,55,91,50,311,53,364,52,65
31.25,31,229,236,24,228,295,215,31,52,174,134,49,365,242,147,24,357,352,257,240,30,104,202,95,333,30,260,197,47,22,94,183,144,182,30,74,200,30,27,27,137,25,14,24,175,34,122,194,57,31,321,299,35,30,25,146,29,166,276,299,256,35,30,27,286,171,16,26,26,29,218,290,184,39,324,35,232,202,30,286,63,260,43,323,209,50,47,47,53,84,43,317,41,362,45,60
31.5,31,230,238,25,229,296,218,31,52,175,134,51,366,243,149,25,358,352,258,241,30,104,203,97,333,31,261,198,48,23,95,184,145,183,31,75,200,29,26,27,138,26,15,25,176,35,123,196,56,30,321,300,34,30,25,148,30,167,278,299,256,36,30,28,287,171,17,26,27,31,219,291,185,40,325,35,233,203,30,287,63,260,44,323,210,49,46,47,53,84,43,317,42,363,47,61
31.75,37,232,231,28,225,297,222,34,52,176,134,50,367,247,151,26,358,354,258,241,32,106,207,97,330,37,261,198,49,25,95,185,144,186,33,75,214,34,31,31,141,26,17,25,174,38,122,201,65,35,323,305,40,32,26,148,30,166,278,304,264,41,33,31,292,171,20,32,28,32,221,292,185,46,327,39,239,209,35,293,69,263,45,323,221,57,50,55,60,94,50,319,52,366,52,64
32,35,232,225,32,224,298,226,37,54,176,135,51,364,244,149,29,357,354,259,243,35,107,209,102,321,35,255,196,49,25,95,186,144,188,34,77,216,32,28,30,141,26,18,25,174,40,124,205,60,32,318,301,41,31,26,150,31,168,283,307,258,37,30,30,290,170,22,33,29,33,224,295,179,43,323,35,238,209,35,294,70,266,47,326,217,53,47,51,58,94,49,320,51,368,52,65
32.25,42,234,221,37,224,302,232,41,57,178,136,52,366,246,151,34,359,358,261,246,39,110,213,103,317,41,256,198,51,30,97,189,146,191,37,80,224,37,33,37,143,29,23,28,173,45,125,211,70,37,321,306,49,36,31,154,36,168,285,313,264,44,34,35,295,172,30,43,34,40,228,299,184,50,327,41,245,216,44,302,79,271,55,328,228,63,53,61,69,105,61,324,65,374,63,75
32.5,35,232,225,32,224,299,230,36,54,177,134,51,365,246,151,28,358,356,259,244,35,108,216,102,320,36,255,197,48,25,94,188,146,190,33,76,219,31,28,30,142,25,18,25,174,40,124,209,61,31,318,304,41,32,26,154,30,167,286,308,261,37,30,29,294,170,22,35,29,33,225,297,180,42,324,36,241,209,35,297,71,269,47,327,220,54,46,52,58,95,50,322,54,369,53,65
32.75,39,234,225,35,224,301,236,39,55,178,135,52,366,250,152,31,359,359,261,245,37,108,220,104,321,40,257,199,50,27,96,190,147,192,35,77,225,35,32,33,144,26,20,26,176,42,125,212,67,36,324,312,45,32,27,157,32,168,290,311,266,42,32,33,300,172,24,38,30,36,228,301,186,47,330,39,247,214,39,302,75,274,50,329,227,59,51,57,64,100,54,327,59,373,56,69
33,38,235,226,35,225,304,239,41,57,180,136,53,367,251,153,32,360,360,261,246,40,110,225,105,320,40,257,200,51,28,97,192,149,195,37,80,226,35,30,34,145,27,20,27,178,43,126,215,66,35,322,311,45,34,30,160,34,170,292,312,265,40,32,32,300,173,25,38,31,37,229,303,184,45,328,39,247,214,39,302,74,275,51,330,226,58,50,56,63,99,54,327,58,373,56,69
33.25,44,236,224,42,226,306,245,45,59,182,137,55,367,254,155,36,361,362,262,249,43,112,231,106,316,45,256,201,53,32,99,194,150,198,40,81,231,39,33,39,147,30,25,30,177,48,127,219,71,38,323,314,52,38,33,164,37,171,294,316,267,44,35,36,303,174,32,44,35,41,231,305,187,51,331,43,251,217,47,307,81,278,56,331,232,63,54,62,70,105,62,329,66,375,63,76
33.5,43,236,225,40,226,307,247,44,58,182,137,55,367,255,156,35,362,363,262,249,42,112,235,107,317,46,257,201,52,31,99,195,151,199,39,81,233,39,33,37,148,29,25,30,179,47,127,219,71,39,323,316,51,37,33,167,37,171,295,316,269,43,34,35,305,174,31,44,34,41,232,306,188,50,332,42,251,217,45,308,79,278,56,332,233,63,54,61,70,105,61,330,67,376,63,75
33.75,40,235,224,38,227,307,248,43,57,182,137,54,366,254,155,34,362,361,261,248,41,111,237,107,314,45,252,200,52,30,98,193,150,199,39,81,233,36,31,36,147,28,24,29,178,47,125,218,68,35,320,314,50,36,31,167,35,169,294,315,266,42,32,34,303,171,30,43,33,40,230,305,185,48,328,39,249,216,45,306,79,275,54,328,232,61,51,58,68,104,60,326,66,374,62,74
34,38,236,227,37,229,309,249,42,57,182,138,53,366,253,155,33,362,360,260,249,40,112,240,107,312,45,249,198,51,28,98,194,151,200,39,80,234,33,29,34,146,30,25,29,176,48,125,216,64,34,313,311,50,35,31,170,35,168,291,314,264,38,29,32,302,169,32,43,33,40,228,303,182,45,324,37,246,215,42,304,77,271,54,327,229,58,46,55,65,101,60,322,65,372,63,74
34.25,39,236,228,38,229,309,253,42,56,183,138,54,367,254,156,33,362,360,260,249,41,112,243,109,312,47,250,200,51,27,98,195,151,201,38,80,234,33,28,33,147,29,23,28,178,49,126,218,64,34,314,312,50,35,30,172,34,169,293,314,264,38,29,31,304,170,29,40,32,38,228,304,183,43,325,37,247,215,40,304,76,273,52,327,229,56,46,53,62,99,57,323,61,372,60,70
34.5,40,238,229,39,229,309,256,43,57,184,138,54,368,256,158,35,363,361,262,251,41,113,247,110,313,51,251,202,52,30,98,196,153,205,40,81,236,35,31,37,149,30,25,30,180,55,127,220,68,35,317,317,51,37,33,177,36,170,296,316,267,41,30,34,307,171,33,44,34,41,230,306,186,48,328,39,251,217,44,307,79,274,56,328,233,61,49,57,67,103,61,326,66,374,64,75
34.75,36,237,236,33,231,308,255,38,55,183,138,52,368,258,160,29,363,359,261,249,37,111,247,107,317,50,252,200,50,27,98,195,154,204,36,78,234,30,29,31,149,28,22,27,181,54,125,216,62,31,316,315,46,34,29,178,32,169,294,310,266,36,28,30,307,170,26,37,31,35,227,303,185,42,327,35,247,213,38,304,72,270,49,325,229,53,44,50,59,97,54,320,59,370,55,67
35,31,236,254,25,236,308,255,32,52,183,138,52,371,266,164,24,365,359,260,248,31,108,248,105,330,48,260,205,48,24,97,196,155,199,32,75,224,29,26,27,148,26,16,26,191,53,126,210,58,30,321,320,37,31,25,181,30,170,295,304,268,36,29,28,309,171,18,27,27,30,225,302,193,38,332,35,247,205,30,299,63,268,44,325,224,48,43,45,52,84,44,323,43,365,45,58
35.25,36,240,252,29,235,307,257,32,52,183,137,51,373,269,166,27,365,360,261,248,32,109,250,103,332,56,264,207,50,25,97,196,155,203,33,75,235,34,31,31,150,27,17,26,187,59,125,211,67,35,327,325,42,31,25,183,30,169,294,306,279,41,32,31,313,172,22,32,29,33,224,301,197,46,336,40,253,212,35,304,69,268,46,323,236,58,50,54,60,95,51,323,54,368,52,64
35.5,32,240,261,27,239,310,262,34,55,184,138,52,373,272,169,26,368,361,264,251,33,107,253,109,338,56,267,211,52,24,99,199,159,202,33,76,226,32,30,30,152,28,17,27,197,63,129,213,62,34,328,329,38,31,28,189,32,173,301,304,276,39,33,30,317,174,20,28,29,32,227,307,203,44,340,39,255,209,32,303,66,273,46,327,228,52,49,51,57,87,45,329,43,366,48,60
35.75,34,240,263,26,239,310,263,33,54,184,139,51,374,275,171,26,369,361,263,251,32,106,255,110,339,59,267,213,52,24,99,201,159,203,32,77,227,33,30,30,152,27,17,26,198,68,128,214,62,34,330,331,37,32,27,191,32,173,304,304,279,40,33,31,320,174,19,28,29,32,228,308,204,43,341,39,256,211,31,304,66,274,45,327,230,52,48,50,57,88,45,330,43,367,48,59
36,33,240,263,26,241,311,265,33,55,185,139,52,373,273,172,27,369,361,263,251,33,108,256,111,336,59,264,212,51,25,99,200,160,205,33,76,227,31,28,30,153,28,17,27,197,72,129,214,60,33,326,327,37,32,27,192,31,173,302,304,275,37,31,30,318,174,19,28,28,32,227,307,202,41,338,38,254,209,32,304,65,271,44,326,228,50,46,49,54,86,45,329,43,366,47,58
36.25,31,240,264,24,241,311,267,33,53,184,138,51,374,274,172,24,369,360,263,251,31,107,257,111,335,61,265,212,51,24,98,200,160,205,32,76,227,30,27,28,152,26,15,26,198,75,128,215,60,32,327,330,37,31,26,194,31,172,304,304,277,36,31,29,320,174,18,27,28,31,228,308,203,41,340,36,255,208,31,304,63,272,44,326,228,50,47,48,54,86,43,330,41,367,46,58
36.5,34,242,267,26,241,312,270,33,55,185,139,50,375,278,176,26,370,362,265,253,33,107,259,111,339,65,269,215,52,25,99,202,162,208,32,76,231,33,30,32,154,27,17,26,200,81,129,216,63,34,331,333,38,32,27,197,33,174,306,304,282,40,33,31,325,175,19,28,28,32,228,309,207,43,343,39,259,210,31,307,64,273,44,327,232,53,49,50,57,88,45,332,43,367,47,58
36.75,30,241,266,25,242,312,271,33,55,185,139,51,373,276,175,24,370,361,263,253,33,108,260,110,334,65,264,213,51,23,99,202,161,208,33,75,231,30,27,30,154,27,16,26,199,84,129,216,60,31,326,329,37,32,26,197,32,173,304,303,277,36,30,29,321,173,19,27,28,31,227,308,203,40,339,35,255,209,31,304,63,271,44,325,231,49,46,47,54,84,44,329,41,366,46,56
37,33,243,266,26,242,313,272,31,52,186,138,51,375,278,176,27,370,361,262,253,31,110,261,106,334,70,263,215,52,24,98,201,160,210,33,75,238,32,29,32,156,27,16,26,194,88,127,214,65,33,326,328,40,31,25,196,30,170,300,304,281,39,31,30,321,171,21,29,27,31,224,304,201,43,338,37,256,209,31,305,63,266,43,321,238,53,46,49,55,87,47,324,48,364,48,57
37.25,30,241,267,24,243,312,274,32,54,185,140,50,374,277,177,25,370,361,262,253,31,108,263,111,332,68,263,215,50,23,99,203,163,211,32,76,232,29,26,29,155,27,16,27,201,92,130,217,58,30,324,328,36,31,26,201,31,173,306,304,276,34,29,28,322,173,18,27,27,31,228,309,203,37,339,35,256,209,29,305,62,270,44,326,230,47,45,46,51,83,43,328,41,365,46,57
37.5,30,243,268,25,243,313,277,31,54,186,139,52,375,279,178,25,371,362,263,255,32,109,264,110,333,73,263,216,51,23,100,204,163,212,32,75,237,30,27,30,156,27,16,26,199,96,129,218,61,32,325,328,37,31,25,201,31,173,305,304,279,36,30,28,323,172,18,28,27,30,227,308,203,40,340,36,257,209,30,307,62,268,42,324,234,49,44,46,52,84,44,328,42,365,46,56
37.75,34,244,273,26,243,313,280,34,54,186,139,50,376,284,182,25,373,363,265,255,32,108,266,113,338,77,269,221,52,24,100,206,164,212,31,76,237,33,30,32,157,27,17,27,203,100,130,220,64,33,331,336,38,32,27,205,31,175,310,305,285,39,32,31,331,176,19,28,28,32,230,312,211,43,346,39,263,212,32,310,64,274,44,327,237,52,48,51,56,87,45,334,42,368,46,57
38,30,243,266,27,243,314,280,32,54,188,140,51,374,279,180,27,371,362,263,256,32,109,267,112,330,77,261,218,51,23,98,205,164,215,32,76,240,29,26,30,158,27,16,26,199,103,131,221,59,30,323,326,38,31,26,204,31,174,308,305,278,35,29,28,324,172,19,28,28,30,228,310,201,40,339,36,258,208,30,307,64,270,43,325,233,47,43,46,52,84,45,329,44,366,46,56
38.25,37,245,261,29,240,314,283,34,54,188,140,51,376,282,182,29,371,364,263,256,34,112,267,111,330,84,263,219,53,25,100,207,164,220,34,77,252,34,30,36,161,27,18,27,195,109,130,223,69,35,328,331,43,32,28,205,32,172,307,310,288,41,33,32,329,172,25,35,29,35,229,311,205,47,342,39,265,215,36,313,71,271,48,324,248,58,49,54,61,97,54,331,56,371,55,64
38.5,32,246,274,25,245,314,284,33,55,188,141,51,377,286,185,26,373,364,265,257,32,108,269,115,337,84,267,224,52,24,100,208,166,215,32,76,240,32,29,32,159,27,16,27,205,110,132,223,64,34,330,334,38,30,26,209,32,176,312,305,286,38,31,30,332,174,19,27,28,31,231,314,211,42,345,37,265,211,30,310,64,274,45,327,238,51,47,49,55,86,44,334,43,367,48,57
38.75,31,246,275,27,246,316,287,34,55,189,142,52,376,285,186,28,374,364,266,259,34,110,271,115,335,86,266,226,54,25,102,210,167,218,33,77,241,31,28,32,161,28,18,28,206,114,133,224,63,32,329,331,40,32,28,210,33,177,314,306,283,37,32,30,331,175,21,28,30,33,231,316,211,42,344,38,265,212,31,311,65,275,46,327,236,50,47,48,55,85,45,334,43,367,49,58
39,33,247,276,27,246,317,287,34,55,188,142,52,378,289,188,27,375,365,265,258,34,110,271,114,337,91,268,228,53,24,101,210,168,218,33,76,245,33,30,33,163,27,18,27,205,116,133,225,67,34,331,334,39,31,28,211,33,176,312,306,289,39,33,30,333,175,20,29,29,33,230,315,212,43,346,39,267,212,32,313,65,272,45,327,241,51,47,50,56,87,45,335,44,368,48,56
39.25,33,248,277,26,247,317,289,33,55,189,141,51,377,288,188,26,375,364,266,259,33,109,273,115,335,92,267,228,53,24,101,211,168,219,33,77,245,31,29,31,162,28,16,27,206,118,133,225,64,32,329,332,39,32,27,212,32,177,314,306,286,37,31,30,332,174,20,28,29,32,231,316,211,42,346,38,267,212,31,312,64,273,45,327,239,50,46,49,55,85,45,335,43,368,47,57
39.5,31,247,277,25,248,318,289,31,54,190,141,51,377,287,189,25,374,364,264,258,32,110,273,113,333,94,264,226,51,23,100,210,167,220,32,75,246,29,27,30,163,27,17,27,203,119,131,224,62,31,325,328,38,32,26,211,30,174,311,305,284,35,29,28,329,172,20,27,27,30,229,312,208,39,343,36,264,209,29,311,61,269,43,324,239,48,42,45,52,83,44,330,42,365,45,53
39.75,31,247,279,26,247,317,292,35,55,190,141,52,377,291,192,27,375,366,267,260,34,109,274,117,336,98,267,231,53,25,103,213,170,222,33,77,246,30,28,33,164,28,17,27,209,124,134,228,65,32,330,334,38,32,28,215,33,178,319,307,289,37,31,30,336,176,21,28,29,32,233,320,215,42,348,38,269,214,31,315,65,276,46,328,240,49,47,49,55,86,45,337,43,368,48,57
40,31,248,276,25,247,318,293,32,53,190,142,51,377,289,192,25,376,365,264,260,32,110,275,114,332,100,264,229,51,23,101,212,168,222,31,75,251,30,28,30,165,27,16,27,204,123,132,227,63,31,327,329,39,31,25,213,31,176,315,306,287,35,29,28,332,171,19,27,27,30,231,315,209,40,344,35,267,210,31,313,63,271,43,326,242,48,44,46,52,85,45,332,42,367,46,54
40.25,33,248,270,28,246,319,295,33,54,191,141,52,377,287,192,27,375,365,264,261,34,112,275,112,327,106,261,228,52,25,101,211,168,226,34,77,259,31,29,32,167,28,18,28,198,126,131,229,66,32,325,327,43,32,26,214,32,173,313,309,289,37,30,29,331,170,24,33,29,33,229,314,205,42,342,36,268,215,34,317,66,268,45,323,248,53,44,50,57,92,51,330,52,368,51,60
40.5,35,250,274,28,246,319,297,33,54,191,142,51,379,291,195,27,376,366,266,261,32,112,276,112,333,110,265,232,53,25,101,212,169,226,34,76,261,34,31,34,167,28,17,27,201,126,132,229,71,34,330,332,43,31,27,216,31,175,313,309,296,40,32,31,336,172,23,33,28,33,231,315,212,46,346,39,272,215,34,318,67,271,45,324,254,56,47,52,59,93,51,334,52,370,51,60
40.75,31,249,282,27,250,321,298,34,56,191,144,53,378,292,196,27,377,366,267,262,33,109,278,118,333,110,266,235,52,25,102,215,171,224,33,78,251,29,28,30,167,28,17,27,209,129,136,231,64,32,328,331,39,32,27,219,33,179,321,308,289,37,31,29,335,174,21,28,30,33,234,321,215,41,348,37,270,212,31,316,64,275,46,328,241,49,46,47,52,85,45,336,41,367,48,58
41,33,252,283,25,249,320,298,31,54,191,143,51,379,295,198,27,377,366,264,261,32,110,277,112,336,115,267,237,53,23,101,214,170,225,32,75,258,32,29,32,168,27,16,26,203,130,132,229,71,34,330,333,40,31,25,218,30,175,314,306,297,38,31,30,337,172,21,29,27,32,230,315,215,44,348,38,273,213,30,316,64,269,43,323,252,53,45,49,55,87,46,334,46,367,47,55
41.25,32,252,286,26,251,321,301,34,56,192,145,52,379,295,200,27,378,367,268,263,33,110,280,117,335,118,267,240,54,25,103,217,172,226,33,77,254,32,28,32,169,28,18,28,211,136,136,232,67,33,330,334,40,33,28,222,33,179,323,307,292,38,32,31,340,175,22,29,30,33,235,321,218,42,349,37,273,214,31,318,65,275,46,328,244,50,46,48,54,85,45,339,42,368,48,57
41.5,33,254,287,26,251,321,301,32,54,192,146,51,379,298,202,27,378,367,267,263,31,110,279,114,337,123,269,241,53,23,102,216,172,225,32,75,257,31,29,32,169,27,17,27,208,135,133,231,71,33,331,334,40,31,26,220,31,177,318,306,296,38,32,30,339,174,21,28,27,31,232,317,219,43,350,38,275,212,29,317,63,272,42,325,249,51,45,49,55,86,45,337,43,366,45,53
41.75,36,255,267,32,244,322,307,39,57,193,147,53,378,293,200,30,377,371,266,265,38,113,283,121,325,128,264,239,55,27,102,220,172,234,36,79,268,32,31,37,172,28,19,28,204,143,137,242,72,34,330,334,44,32,28,223,34,179,326,315,297,39,32,32,342,173,26,35,30,36,241,326,212,45,349,39,280,218,35,326,72,281,49,331,257,54,48,53,61,95,51,344,52,375,53,62
42,31,255,283,26,252,324,303,32,53,192,147,51,379,295,202,26,377,366,265,263,31,112,281,116,332,130,263,241,52,23,101,216,172,226,33,76,260,29,28,30,171,28,17,27,206,138,134,233,66,31,326,328,40,31,25,221,31,177,318,306,291,35,29,29,336,172,20,28,27,31,232,317,213,40,346,36,272,211,30,317,62,269,43,324,247,48,42,47,52,84,46,334,44,366,46,54
42.25,32,258,290,26,253,324,306,35,57,193,149,52,380,300,206,26,380,369,269,266,34,110,283,121,336,136,269,247,54,25,104,220,175,228,33,77,258,31,29,31,172,28,18,29,212,143,137,236,71,33,332,336,40,32,27,226,34,180,325,308,296,38,32,30,343,176,22,28,30,33,236,323,222,43,353,38,278,215,31,321,64,276,46,328,248,50,47,49,55,87,45,342,43,368,47,58
42.5,31,257,289,24,253,325,306,32,55,193,149,53,379,298,206,26,379,367,267,265,32,111,283,119,334,140,266,246,54,23,103,220,174,228,32,76,259,29,27,29,172,28,17,28,211,143,135,235,66,31,328,330,38,32,27,225,31,179,322,306,293,36,29,28,339,174,22,27,29,31,234,321,219,40,350,36,274,213,30,319,62,273,44,326,246,47,44,46,52,84,44,339,40,366,45,54
42.75,30,257,291,26,257,327,306,30,55,194,150,54,378,298,205,27,377,364,262,265,30,112,283,114,331,145,262,244,53,23,102,216,173,226,33,75,261,27,26,28,171,29,17,27,205,141,133,231,62,29,321,324,40,32,25,222,30,175,315,304,290,34,28,27,333,170,23,27,27,30,228,314,214,37,344,33,269,211,27,315,58,263,42,319,246,45,39,41,48,78,43,329,41,361,46,52
43,33,262,279,30,249,326,311,37,57,194,152,53,379,297,207,28,379,370,267,268,36,113,287,121,330,153,265,248,55,27,104,223,175,235,35,79,269,31,29,33,176,29,19,29,210,151,138,242,69,33,330,332,43,33,27,227,34,181,326,311,297,37,31,31,343,174,24,32,30,34,239,326,215,42,350,38,280,217,33,324,67,278,47,329,254,51,44,49,56,89,49,343,47,371,49,58
43.25,33,265,295,26,254,327,310,34,55,193,151,52,381,306,213,27,381,370,270,268,33,109,285,118,339,162,273,255,54,25,104,223,175,230,33,76,265,34,30,32,175,27,17,28,213,150,136,239,76,34,335,337,40,31,26,229,32,180,324,307,304,39,33,31,345,176,22,28,28,32,236,323,226,43,355,38,282,216,31,322,64,275,44,327,255,51,47,49,56,86,46,343,43,368,46,55
43.5,40,266,267,36,247,329,317,45,60,196,153,55,379,298,207,33,379,375,268,273,42,116,291,123,322,170,264,250,57,30,105,228,175,241,39,81,281,36,32,41,180,29,23,30,206,159,141,255,76,36,332,336,49,35,31,231,37,183,333,320,303,42,33,35,347,175,30,41,33,39,246,334,217,47,353,42,288,223,40,333,76,286,52,334,265,57,49,56,64,100,55,350,59,381,57,65
43.75,42,269,269,37,248,331,319,45,59,195,155,55,380,300,210,34,381,376,271,275,42,116,292,124,323,178,266,253,58,31,105,229,177,244,40,81,283,38,34,42,181,30,24,30,207,162,140,256,81,39,334,338,50,36,31,233,37,183,334,321,306,44,35,36,350,176,31,41,33,40,248,334,221,49,355,43,292,224,42,334,77,287,53,334,270,59,51,59,66,102,56,352,60,381,58,67
44,40,270,273,35,249,331,319,41,58,196,154,53,381,302,212,33,381,374,268,275,40,116,291,121,325,186,266,255,57,29,105,227,176,240,39,80,285,37,34,41,181,29,23,31,205,162,139,251,83,38,334,336,50,35,31,233,36,181,330,319,308,45,34,36,348,174,32,40,33,40,244,331,222,50,354,43,290,224,42,333,76,282,53,331,273,60,51,59,67,102,58,349,61,380,59,68
44.25,33,265,275,31,254,333,315,36,56,195,156,56,377,294,208,29,378,366,261,272,36,117,291,116,318,186,253,245,52,24,102,220,173,236,38,80,281,29,27,31,177,29,22,30,197,156,133,243,63,28,314,317,47,33,27,227,33,174,318,312,292,33,26,29,331,165,30,37,30,36,234,319,208,39,339,33,275,217,35,321,67,265,48,320,258,49,38,46,55,92,55,329,59,368,58,66
44.5,32,267,277,30,253,333,316,36,56,196,155,53,377,296,209,28,378,368,263,275,36,117,291,118,319,192,255,249,52,25,102,222,174,238,37,78,280,28,27,30,177,28,19,29,202,157,135,245,63,27,317,320,45,32,26,228,32,176,322,312,293,33,26,28,333,168,28,34,29,35,236,322,208,38,342,33,277,216,32,322,65,269,45,323,256,47,37,45,52,89,51,333,53,368,53,60
44.75,34,269,274,34,254,334,318,37,57,197,157,55,377,295,210,33,379,367,263,277,38,118,293,118,317,199,253,250,54,26,102,222,174,239,39,80,284,30,28,34,179,30,22,29,199,161,136,247,65,29,316,318,48,33,28,230,35,176,322,313,292,35,26,30,333,167,30,37,31,36,237,323,209,40,342,34,278,218,34,323,69,269,47,322,258,50,39,46,56,92,54,332,57,369,57,63
45,39,275,277,34,250,333,324,42,59,196,158,55,381,305,216,32,381,376,269,284,40,115,295,126,326,207,267,261,57,29,106,231,177,243,38,80,286,35,33,40,184,29,21,30,210,169,142,257,82,36,334,338,47,35,29,237,36,185,335,319,309,42,34,33,352,176,28,38,32,39,249,335,223,47,356,41,294,223,38,335,74,286,51,333,271,56,49,56,63,98,54,352,56,380,55,64
45.25,34,272,276,33,254,336,321,38,57,197,157,54,379,299,212,31,380,369,264,283,38,118,294,118,317,210,255,254,54,26,104,225,176,241,38,79,286,30,28,33,180,29,21,30,202,164,137,249,66,29,318,321,48,33,28,232,35,178,325,314,296,34,26,30,336,167,30,37,31,37,239,325,211,39,344,34,281,218,34,326,68,272,48,324,261,49,39,47,55,92,52,337,56,371,55,62
45.5,29,274,294,26,258,335,318,32,54,196,158,52,380,305,218,27,381,368,263,282,32,113,293,116,329,213,263,261,54,23,104,224,177,235,34,76,277,28,27,29,180,28,16,27,207,161,137,241,68,29,322,324,42,31,25,232,31,179,323,306,298,34,28,28,339,170,24,28,27,30,235,321,218,37,348,34,280,214,28,321,60,268,42,321,256,45,39,43,50,81,45,334,44,363,46,54
45.75,34,280,303,27,257,335,322,34,57,195,160,51,383,316,226,28,384,373,271,286,34,110,294,124,341,221,276,275,56,25,109,232,181,235,34,77,275,34,30,35,183,28,17,28,218,168,142,247,88,35,338,342,40,32,28,240,35,184,333,309,312,41,34,32,353,179,24,29,30,33,243,331,237,45,362,41,293,222,31,329,65,280,46,328,262,52,48,51,57,88,46,349,43,370,47,56
46,32,279,301,26,259,337,323,35,57,197,161,53,383,312,225,27,384,372,270,287,34,111,295,124,337,225,272,273,55,25,109,230,182,236,34,78,276,31,29,32,183,29,17,29,217,169,142,248,81,33,333,336,40,33,28,240,34,184,331,309,306,38,31,31,349,176,24,29,30,34,243,330,231,42,357,38,289,220,31,327,65,277,45,328,259,49,45,48,54,85,46,346,42,368,48,56
46.25,29,277,302,25,262,338,320,29,54,196,160,53,381,308,222,25,381,366,263,286,31,111,293,120,331,227,263,266,52,21,106,225,180,233,32,75,276,26,25,27,179,27,16,27,211,164,137,242,66,27,321,324,39,31,24,235,31,178,322,304,296,31,26,27,338,169,23,25,27,29,234,319,224,36,349,32,279,214,26,321,55,265,41,320,251,42,38,39,45,76,41,334,37,361,42,51
46.5,30,277,302,26,265,341,321,30,55,197,161,54,381,306,222,28,382,366,261,288,30,113,294,118,329,232,261,266,52,22,106,225,179,233,33,76,278,27,26,26,179,28,17,28,208,165,137,241,64,27,318,320,41,31,25,235,30,178,320,303,294,31,26,27,335,167,23,25,26,30,233,318,223,34,346,31,277,213,26,319,55,261,39,319,250,42,37,39,44,75,41,332,38,359,43,51
46.75,30,279,293,27,261,340,323,31,55,199,162,58,380,306,221,26,382,367,260,289,32,116,296,117,325,237,259,265,52,22,105,224,178,238,38,80,288,27,26,29,182,29,18,28,200,166,134,244,70,29,319,320,43,31,25,234,32,175,317,306,301,33,27,28,334,165,27,32,28,33,233,319,216,38,345,33,281,218,31,322,62,261,45,316,265,48,38,44,53,88,52,329,55,363,55,64
47,32,283,305,25,261,340,327,35,58,198,163,53,383,315,229,26,386,373,271,295,35,111,298,129,336,243,273,279,56,25,111,235,184,238,34,78,280,32,29,32,186,29,18,30,221,175,143,251,82,32,334,337,41,33,28,244,35,187,335,309,307,37,31,30,350,178,24,29,30,35,246,333,236,42,359,38,292,224,31,330,64,280,47,330,260,48,46,48,54,85,45,349,42,369,47,58
47.25,35,287,301,26,259,340,328,32,54,197,162,52,385,317,231,26,385,373,268,294,33,113,297,120,337,248,273,279,54,24,109,231,180,238,34,76,290,33,31,33,186,27,17,27,210,172,139,248,93,35,336,337,43,32,25,241,32,181,326,308,317,40,33,30,348,173,24,31,27,34,241,326,233,45,358,39,294,223,32,331,64,272,44,323,275,54,46,52,58,91,50,344,50,369,50,58
