Data File    , C:\Documents and Settings\N0233833\My Documents\Biolog Analysis\March 09 expt\OLPM_Y03\data_2009\03\yent_8081c___1_28_Y03_310_Marx11x2009_A_16A.oka,,,,,,,,,,,,,,,,,,,,,,,,,,,,,,,,,,,,,,,,,,,,,,,,,,,,,,,,,,,,,,,,,,,,,,,,,,,,,,,,,,,,,,,,,,,,,,,
Set up Time  ,Mar 11 2009 4:18 AM,,,,,,,,,,,,,,,,,,,,,,,,,,,,,,,,,,,,,,,,,,,,,,,,,,,,,,,,,,,,,,,,,,,,,,,,,,,,,,,,,,,,,,,,,,,,,,,
Position     ,16-A,,,,,,,,,,,,,,,,,,,,,,,,,,,,,,,,,,,,,,,,,,,,,,,,,,,,,,,,,,,,,,,,,,,,,,,,,,,,,,,,,,,,,,,,,,,,,,,
Plate Type   ,PM 1-,,,,,,,,,,,,,,,,,,,,,,,,,,,,,,,,,,,,,,,,,,,,,,,,,,,,,,,,,,,,,,,,,,,,,,,,,,,,,,,,,,,,,,,,,,,,,,,
Strain Type  ,NOT APPLICABLE,,,,,,,,,,,,,,,,,,,,,,,,,,,,,,,,,,,,,,,,,,,,,,,,,,,,,,,,,,,,,,,,,,,,,,,,,,,,,,,,,,,,,,,,,,,,,,,
Sample Number,,,,,,,,,,,,,,,,,,,,,,,,,,,,,,,,,,,,,,,,,,,,,,,,,,,,,,,,,,,,,,,,,,,,,,,,,,,,,,,,,,,,,,,,,,,,,,,,
Strain Name  ,Y.enterocolitica,,,,,,,,,,,,,,,,,,,,,,,,,,,,,,,,,,,,,,,,,,,,,,,,,,,,,,,,,,,,,,,,,,,,,,,,,,,,,,,,,,,,,,,,,,,,,,,
Strain Number,8081c,,,,,,,,,,,,,,,,,,,,,,,,,,,,,,,,,,,,,,,,,,,,,,,,,,,,,,,,,,,,,,,,,,,,,,,,,,,,,,,,,,,,,,,,,,,,,,,
Other        ,,,,,,,,,,,,,,,,,,,,,,,,,,,,,,,,,,,,,,,,,,,,,,,,,,,,,,,,,,,,,,,,,,,,,,,,,,,,,,,,,,,,,,,,,,,,,,,,
,,,,,,,,,,,,,,,,,,,,,,,,,,,,,,,,,,,,,,,,,,,,,,,,,,,,,,,,,,,,,,,,,,,,,,,,,,,,,,,,,,,,,,,,,,,,,,,,
Hour,  A01,  A02,  A03,  A04,  A05,  A06,  A07,  A08,  A09,  A10,  A11,  A12,  B01,  B02,  B03,  B04,  B05,  B06,  B07,  B08,  B09,  B10,  B11,  B12,  C01,  C02,  C03,  C04,  C05,  C06,  C07,  C08,  C09,  C10,  C11,  C12,  D01,  D02,  D03,  D04,  D05,  D06,  D07,  D08,  D09,  D10,  D11,  D12,  E01,  E02,  E03,  E04,  E05,  E06,  E07,  E08,  E09,  E10,  E11,  E12,  F01,  F02,  F03,  F04,  F05,  F06,  F07,  F08,  F09,  F10,  F11,  F12,  G01,  G02,  G03,  G04,  G05,  G06,  G07,  G08,  G09,  G10,  G11,  G12,  H01,  H02,  H03,  H04,  H05,  H06,  H07,  H08,  H09,  H10,  H11,  H12
0,7,6,25,6,0,0,2,16,22,9,9,20,10,2,12,12,5,0,0,12,10,0,6,26,23,3,2,17,0,8,0,0,0,18,18,34,20,10,8,3,0,7,0,9,20,12,17,21,28,6,6,16,1,8,0,14,11,18,11,17,29,13,1,16,3,8,0,1,12,7,23,34,34,18,2,15,14,11,0,15,2,17,13,22,32,18,25,13,19,46,12,10,13,30,18,31
0.25,19,15,17,15,0,0,11,12,14,25,14,24,16,7,20,22,11,0,0,20,23,2,14,34,38,8,8,24,8,13,7,2,5,29,36,47,42,22,16,12,3,18,6,4,34,19,32,40,38,10,15,25,14,21,14,22,23,34,22,26,44,22,3,15,12,22,10,15,30,17,39,34,33,27,4,23,30,39,9,26,18,32,22,35,33,29,29,19,26,60,23,25,29,53,34,47
0.5,12,11,6,17,0,0,11,2,5,7,11,20,14,9,20,8,16,0,0,17,23,1,10,38,26,7,10,24,1,1,9,0,3,13,14,40,26,14,12,7,0,3,6,0,27,9,18,21,18,10,9,11,8,11,7,17,20,26,8,22,28,15,2,14,7,9,7,9,11,13,22,26,30,17,5,12,18,18,5,12,12,34,19,31,33,25,18,17,23,55,20,22,24,47,30,46
0.75,13,14,7,22,1,0,11,4,7,4,13,23,19,12,10,8,13,0,0,18,18,1,13,40,26,10,13,30,4,5,6,3,4,15,15,35,28,18,15,6,2,8,4,3,10,11,12,24,21,15,13,13,12,6,6,6,16,15,9,23,32,20,5,16,11,10,8,9,14,14,19,26,33,20,7,15,17,20,8,11,13,37,20,35,37,26,19,19,26,60,23,21,26,47,27,45
1,13,16,8,22,0,0,10,5,7,4,14,22,20,8,7,9,5,0,0,19,15,2,14,34,23,11,7,36,5,6,8,6,5,16,16,29,28,14,14,6,2,9,7,4,10,14,14,25,23,9,11,13,13,6,10,10,11,17,11,25,33,19,5,17,12,9,10,16,16,17,23,25,36,20,6,18,18,28,10,15,20,39,24,37,37,28,19,24,29,63,28,27,30,57,31,49
1.25,13,15,7,19,0,0,9,4,7,4,15,25,20,7,6,6,5,0,0,19,14,2,14,33,22,8,7,28,3,7,3,5,4,15,14,28,21,12,12,5,2,9,9,5,9,12,12,25,20,6,8,13,10,5,7,7,9,14,9,23,30,16,5,16,10,9,5,10,14,16,20,24,33,17,5,12,15,19,9,9,13,32,20,36,33,23,16,18,24,56,25,22,24,49,28,43
1.5,16,20,12,20,3,0,13,9,10,6,17,26,19,12,9,9,5,4,2,23,17,5,17,33,28,15,10,33,7,10,7,9,8,17,19,31,30,15,16,9,5,12,10,7,13,16,17,28,27,12,13,16,16,9,13,12,12,19,12,27,39,22,9,23,16,10,12,18,20,20,27,29,41,25,10,19,22,32,18,19,24,37,27,42,39,32,22,27,33,68,31,32,36,61,37,54
1.75,14,16,8,17,2,0,8,4,8,5,16,27,16,8,6,7,5,2,0,19,14,2,15,35,23,9,7,24,5,8,4,6,6,12,16,29,23,10,11,6,4,10,6,5,10,11,11,26,22,5,8,14,12,6,6,7,9,15,9,23,32,16,6,17,10,10,6,10,14,14,20,25,34,20,7,10,17,19,12,11,13,28,21,36,31,25,18,19,24,57,24,24,25,48,31,45
2,17,20,11,15,3,0,10,8,10,4,16,25,20,12,9,7,5,2,1,21,15,2,15,32,29,14,9,29,8,9,7,7,8,15,16,31,29,10,14,9,4,12,7,8,12,15,16,28,27,10,11,14,16,8,10,11,10,18,11,27,38,21,8,20,14,9,9,16,19,19,26,28,40,24,10,17,22,29,17,18,22,32,27,40,40,32,23,27,34,66,28,30,34,58,37,52
2.25,19,21,13,14,4,0,10,7,11,5,17,25,22,13,11,7,4,3,3,21,16,1,15,32,29,15,11,28,8,9,8,7,9,14,17,30,29,11,14,9,4,11,8,7,12,15,16,28,29,11,11,15,15,8,9,11,11,19,10,27,39,22,9,21,14,9,10,16,18,18,25,28,41,24,12,17,21,29,16,18,20,30,25,38,41,32,24,28,33,66,27,30,34,56,36,52
2.5,18,19,11,12,7,0,7,7,12,4,18,27,19,13,10,8,7,4,3,21,12,2,14,34,26,15,10,28,8,8,6,7,7,13,15,28,29,12,12,9,6,9,2,7,10,12,15,26,28,11,11,15,10,9,7,7,10,15,11,25,35,22,11,20,12,9,7,10,17,15,20,28,40,25,14,16,19,21,12,13,15,25,23,35,40,32,24,26,31,58,24,25,28,48,33,47
2.75,17,17,8,12,7,0,5,6,11,6,19,28,17,13,7,7,6,4,3,19,11,3,15,36,20,11,6,24,8,5,6,6,8,12,15,27,23,11,9,8,7,6,2,8,10,10,14,25,24,7,7,14,9,10,7,5,9,13,10,24,30,19,9,16,10,11,6,7,13,13,18,28,35,21,14,11,17,13,8,8,10,20,20,32,36,28,22,20,26,52,21,21,22,38,28,41
3,21,25,14,18,10,2,13,13,14,10,24,32,23,17,13,13,7,4,13,25,20,6,23,35,30,17,11,28,10,7,14,10,15,16,20,34,31,11,13,12,7,11,8,11,16,18,20,31,29,11,11,16,18,11,13,15,14,22,14,31,37,22,11,20,16,12,11,19,21,20,28,33,41,26,22,15,24,31,17,20,25,29,29,43,40,33,25,28,33,65,31,33,37,57,38,53
3.25,20,23,14,13,18,0,11,9,13,10,25,29,21,19,12,10,8,6,24,22,15,3,25,35,28,17,12,28,10,5,15,9,15,14,17,31,30,11,12,11,7,9,4,10,13,14,18,29,30,12,12,15,12,11,9,11,13,19,13,29,37,21,13,19,15,11,9,13,18,17,24,32,41,27,33,17,23,24,14,16,22,26,26,43,43,35,26,28,34,61,26,30,32,49,35,49
3.5,20,31,17,12,26,0,15,9,13,17,28,31,23,28,13,11,10,15,34,24,14,4,31,36,33,17,13,28,11,5,18,8,17,15,16,31,31,11,12,11,7,8,3,10,12,13,21,29,31,12,12,15,11,11,9,11,12,19,14,30,37,21,17,19,16,12,8,12,17,16,25,31,43,27,43,17,23,23,14,15,25,25,26,50,44,35,28,29,34,60,27,31,31,49,34,49
3.75,24,42,22,17,32,4,23,14,15,24,33,31,27,37,20,13,16,29,43,27,20,7,39,38,45,20,21,32,13,8,24,12,23,16,20,36,35,13,15,14,10,12,9,13,17,20,28,34,34,15,21,18,19,14,14,20,15,30,17,35,44,23,27,21,21,14,13,20,22,21,33,35,47,29,50,19,27,35,20,29,36,30,32,60,49,38,30,34,39,70,34,41,40,60,41,57
4,21,47,22,13,37,2,27,11,13,28,34,32,23,44,24,10,23,41,48,25,16,4,40,42,52,18,26,29,11,5,24,10,23,14,17,33,32,11,14,11,8,9,4,11,15,15,28,30,32,13,30,16,14,11,10,24,13,35,15,33,42,22,36,18,21,11,9,15,18,18,34,33,45,27,57,18,24,26,16,35,34,26,28,64,46,36,28,31,36,62,28,39,34,55,35,51
4.25,20,52,23,11,43,9,31,9,15,33,35,32,20,49,31,9,28,51,55,24,14,5,40,47,58,14,32,27,12,5,26,13,25,15,16,31,26,11,10,10,8,8,3,12,14,13,28,31,28,11,39,13,10,12,9,30,11,41,15,33,39,21,46,17,24,12,8,10,14,14,37,32,40,25,65,15,24,17,12,42,31,23,24,68,42,33,27,26,32,54,25,36,25,47,31,45
4.5,21,60,26,10,46,19,37,10,15,37,37,33,22,53,39,10,34,60,61,24,13,5,43,50,66,18,38,33,12,6,27,19,26,16,16,31,30,11,12,11,9,8,3,11,13,14,31,31,30,12,47,14,11,13,9,38,11,49,16,38,42,22,56,18,28,12,8,11,15,15,46,33,42,28,69,17,30,21,13,52,37,23,26,76,46,35,28,29,34,58,27,40,29,52,32,47
4.75,20,66,26,10,50,27,40,10,15,40,40,33,21,56,44,9,37,66,64,24,13,5,44,52,73,15,42,35,12,5,31,25,28,20,16,31,27,11,10,9,9,8,3,11,14,12,33,32,28,10,55,14,10,13,9,45,12,54,16,42,40,21,63,16,32,13,8,10,13,14,50,33,40,26,75,15,31,18,12,59,36,23,24,80,46,32,27,26,31,53,25,42,25,51,30,44
5,25,76,33,19,54,40,47,17,18,47,44,36,28,62,52,16,43,73,73,29,20,9,52,54,85,21,47,47,13,9,36,34,33,30,22,38,37,13,16,16,12,14,10,15,20,21,40,37,36,16,64,21,22,16,15,59,17,67,20,49,49,26,74,22,41,18,15,23,23,24,62,38,49,32,79,20,42,36,23,74,52,33,34,90,57,41,31,36,42,70,37,55,42,68,43,59
5.25,21,78,31,16,56,43,47,13,17,47,45,34,23,63,55,12,43,76,74,25,17,6,50,55,86,15,49,48,11,6,34,37,31,36,18,35,29,10,11,10,11,9,5,13,15,16,38,34,28,10,68,18,14,13,10,61,12,68,18,48,42,20,76,17,43,14,9,15,17,17,61,34,41,26,80,16,39,25,15,73,44,26,27,90,52,32,25,27,33,57,29,49,30,61,33,49
5.5,24,85,35,17,59,50,50,15,23,50,47,37,27,67,61,14,47,81,80,29,19,9,54,57,96,21,51,57,13,10,38,42,35,44,21,38,37,14,16,15,12,12,9,14,18,19,42,38,36,16,73,25,20,16,14,70,16,76,23,53,49,26,85,22,47,18,15,21,23,22,69,38,49,30,86,20,48,37,22,85,54,32,32,98,63,42,32,35,41,70,37,59,41,71,42,58
5.75,20,85,34,12,60,53,49,13,26,51,47,33,21,67,62,11,49,86,83,25,15,6,52,57,95,16,51,59,13,6,37,43,34,53,17,33,29,12,11,11,10,10,5,12,15,14,40,34,29,12,74,27,13,14,9,70,12,75,23,53,42,22,86,17,47,15,9,12,16,16,66,36,41,23,88,16,44,23,14,82,45,27,26,98,58,33,28,27,34,54,27,52,27,61,31,46
6,24,93,39,16,60,60,51,18,28,54,50,35,28,70,68,12,51,89,88,29,20,7,56,59,106,20,50,65,12,9,41,47,38,59,22,38,35,13,14,14,12,13,9,14,19,20,44,38,34,15,78,35,20,15,13,77,16,82,29,57,49,23,91,20,48,18,13,21,21,21,74,38,48,27,89,19,49,38,21,93,55,33,33,102,66,38,30,33,39,68,35,61,40,73,40,57
6.25,25,98,41,17,62,64,52,18,31,57,53,36,28,72,72,15,54,94,92,30,20,9,57,60,113,21,50,72,13,9,43,49,39,67,22,39,38,13,15,15,12,13,10,15,20,22,46,40,37,16,82,40,21,16,15,82,17,86,35,60,51,25,95,22,50,18,15,23,23,22,79,40,52,30,93,21,53,41,24,96,58,35,34,106,72,41,32,36,42,71,37,66,43,78,43,60
6.5,22,100,42,17,63,68,51,17,33,59,55,35,26,73,74,13,55,97,94,29,18,8,57,60,115,18,51,77,13,9,44,49,40,71,20,37,35,12,14,13,12,12,8,14,18,19,46,38,33,14,86,44,18,15,11,83,15,86,38,60,47,23,97,20,49,17,12,18,20,20,80,38,46,28,95,19,54,37,20,96,53,32,31,106,68,37,29,31,37,63,33,62,36,75,38,54
6.75,25,105,44,16,64,72,52,17,35,61,56,35,29,76,78,14,59,101,97,31,18,8,59,61,123,20,51,82,14,9,45,52,41,78,21,38,37,13,15,14,13,13,8,15,18,20,48,39,36,17,90,49,20,15,13,86,16,91,43,62,51,26,102,21,50,18,14,21,21,21,85,39,51,28,100,21,56,43,23,101,55,35,33,110,76,42,32,34,41,68,36,66,40,80,40,58
7,23,103,41,14,66,75,50,14,37,62,58,36,24,77,78,13,61,109,101,28,15,8,57,62,118,16,53,82,15,7,44,52,41,82,18,34,30,12,11,10,12,10,6,14,15,15,46,36,30,12,93,53,15,15,10,86,13,87,44,61,43,23,101,17,50,17,10,12,14,15,83,37,43,21,101,18,52,35,16,95,46,29,27,106,70,34,31,27,33,54,27,61,26,71,30,45
7.25,25,110,46,17,65,81,54,18,40,66,61,36,28,80,83,14,62,110,106,31,19,8,62,63,130,20,52,90,14,9,48,53,44,89,22,39,37,12,14,15,12,12,8,15,19,20,52,39,36,16,97,57,19,15,12,92,17,95,47,63,50,25,106,21,50,19,14,20,21,21,94,41,50,26,103,21,58,46,23,105,56,36,33,113,77,39,32,33,40,66,34,70,38,84,40,57
7.5,25,116,48,21,66,89,55,20,43,69,64,37,28,82,87,17,66,113,111,33,22,11,65,63,133,20,53,95,15,10,50,56,46,93,24,40,36,13,14,16,13,13,11,16,20,22,54,41,34,15,100,63,23,17,15,97,17,99,47,64,48,23,107,20,51,20,15,22,23,22,98,42,47,25,103,20,60,50,23,108,57,36,33,113,75,37,29,32,39,66,35,71,40,86,41,57
7.75,25,118,50,18,67,92,55,21,45,71,65,37,28,85,90,16,68,118,115,37,21,11,66,63,138,21,52,98,15,10,52,57,48,98,23,40,37,14,15,16,13,14,10,16,20,23,54,41,36,16,105,68,22,17,15,100,18,102,48,64,51,25,111,21,51,20,15,23,23,23,103,41,50,27,107,21,62,54,24,110,58,38,33,114,79,39,31,34,40,68,36,73,41,90,42,58
8,24,115,48,14,70,93,55,15,45,70,67,37,25,86,89,15,70,125,116,44,17,9,64,65,134,17,55,99,16,9,50,56,47,101,20,36,33,14,13,13,13,11,7,15,17,16,54,38,31,14,109,73,16,16,13,97,15,100,48,64,45,24,113,18,52,19,11,13,16,16,100,41,44,23,112,20,59,46,18,104,50,33,28,111,79,35,33,28,35,54,28,67,27,80,34,48
8.25,28,125,54,21,70,102,59,23,49,76,69,37,32,90,97,18,72,125,121,58,22,11,69,64,149,24,53,107,17,12,55,58,52,108,25,41,42,17,16,18,14,16,11,16,22,23,59,42,40,19,113,80,25,18,16,106,19,108,50,65,54,28,118,23,52,22,16,25,23,24,112,45,55,30,112,24,67,59,26,115,61,40,36,116,86,43,34,38,44,72,38,78,43,94,44,61
8.5,25,125,53,17,69,103,58,18,48,75,69,34,29,92,98,15,72,129,122,65,18,8,68,63,152,22,53,109,17,11,54,57,50,109,21,39,40,14,16,16,12,14,9,15,19,19,57,40,39,17,115,83,20,16,12,106,16,108,48,64,53,26,120,20,50,19,13,20,21,21,112,42,54,28,114,24,66,56,23,113,56,38,32,115,86,41,33,35,41,65,33,75,37,92,39,56
8.75,27,128,56,19,70,107,61,21,51,78,73,37,32,95,101,16,75,133,124,76,22,11,70,65,157,23,53,113,17,12,56,59,53,114,23,41,41,15,17,17,14,15,11,16,22,22,60,43,39,18,119,89,23,17,14,111,19,113,50,66,55,28,123,21,52,21,15,24,23,22,119,44,58,29,117,24,68,62,25,117,59,42,35,118,89,42,34,38,43,70,37,80,42,99,42,59
9,23,126,52,16,72,110,60,17,50,79,74,38,26,94,99,15,77,138,124,82,16,10,69,65,151,17,55,113,16,9,55,58,51,114,20,37,33,12,12,13,12,12,7,15,18,17,58,40,31,13,121,92,18,15,11,109,14,111,50,64,46,22,119,16,53,19,10,15,16,16,115,40,49,22,117,19,63,54,19,111,50,37,29,115,83,34,29,27,33,55,28,74,29,92,33,48
9.25,26,133,57,19,72,115,63,21,52,82,76,37,30,99,107,17,80,141,127,92,21,10,73,65,163,21,55,121,18,11,59,60,54,121,23,40,40,15,17,16,13,15,10,15,21,21,62,42,38,18,125,99,22,18,13,115,17,116,50,66,53,27,127,19,53,21,15,20,21,21,122,45,58,27,121,25,69,63,24,118,57,42,32,118,89,40,33,35,41,65,35,80,38,101,40,56
9.5,26,136,59,18,73,118,65,20,53,83,77,36,31,100,109,16,82,143,127,100,21,9,73,65,168,23,54,124,17,11,60,60,55,123,22,40,41,15,17,16,14,15,10,15,20,21,62,42,39,18,128,104,22,16,12,118,17,119,50,65,55,27,129,19,52,21,15,22,22,21,125,44,62,28,124,24,70,66,25,121,58,43,33,120,92,41,34,37,42,69,35,83,40,103,42,58
9.75,23,134,57,14,75,119,65,18,54,82,78,36,25,100,108,13,85,151,127,104,16,9,73,65,165,18,55,125,17,9,59,60,53,125,20,35,35,14,12,13,13,11,7,14,17,17,62,40,33,15,131,106,17,15,10,116,14,118,49,65,48,22,129,17,52,19,12,14,16,16,122,43,57,25,125,21,66,59,19,115,49,39,27,118,89,36,32,29,35,56,28,77,27,98,33,47
10,26,141,61,17,77,123,68,20,56,86,81,37,32,104,116,15,88,153,130,112,20,10,76,67,177,23,56,131,19,11,61,61,57,130,22,40,42,16,17,16,13,15,10,16,20,21,64,43,39,19,134,115,21,17,12,123,16,124,51,66,54,26,134,20,52,21,14,21,20,21,130,45,66,28,127,24,71,68,25,123,55,45,34,123,95,40,34,36,42,65,34,84,38,108,38,56
10.25,24,142,60,16,77,127,70,20,55,87,80,36,30,105,116,13,89,154,130,115,20,9,76,65,179,21,54,132,16,10,61,61,56,132,21,40,40,13,14,14,12,13,10,15,19,20,64,42,37,15,135,116,21,17,12,126,16,126,50,66,53,23,134,18,51,21,13,21,21,21,132,43,66,25,126,23,71,70,24,126,56,45,32,122,95,39,33,34,40,66,34,87,38,111,39,57
10.5,26,148,62,21,82,133,74,24,58,91,84,41,32,109,119,18,93,157,132,123,25,13,80,67,181,21,56,137,18,13,63,65,59,136,26,44,40,15,16,17,15,15,14,17,23,25,66,46,37,17,140,122,27,20,15,133,19,131,53,69,53,24,135,21,55,24,15,26,23,24,137,45,66,27,127,22,73,75,27,131,61,50,35,127,95,39,31,34,40,70,38,92,44,117,44,62
10.75,28,149,62,23,83,137,78,24,60,93,85,40,32,109,122,19,96,161,133,128,25,13,81,67,183,20,55,140,17,12,64,66,59,138,26,43,40,14,15,17,14,14,13,17,22,23,67,46,35,15,143,125,28,19,14,134,19,132,53,68,51,23,136,19,55,23,13,25,22,23,139,45,65,26,128,21,72,76,25,132,59,49,33,128,94,37,29,33,38,68,37,91,42,120,43,59
11,25,150,62,19,84,136,77,21,58,91,84,37,30,110,123,16,98,164,132,129,21,9,79,66,188,22,55,144,18,11,63,65,58,140,22,40,41,14,16,17,13,14,10,16,19,20,68,42,38,18,145,127,23,16,13,132,16,131,52,68,53,24,142,20,53,21,15,21,20,21,139,45,72,28,133,24,73,75,24,131,57,49,32,127,98,40,33,34,40,65,34,89,37,119,40,56
11.25,25,151,63,19,87,140,80,22,60,94,87,40,28,112,125,17,101,168,131,132,20,12,83,68,189,20,57,146,19,10,63,66,59,143,23,41,39,14,15,16,15,15,9,16,19,19,69,45,35,17,149,130,23,17,13,133,17,132,54,69,51,23,142,19,55,23,12,20,19,20,140,46,70,26,135,23,74,74,22,131,55,50,31,129,97,38,30,31,37,60,32,90,35,121,37,54
11.5,27,157,65,23,89,146,84,25,62,96,88,41,32,115,128,19,105,169,134,137,24,13,86,68,193,20,55,151,18,12,66,67,61,145,26,44,41,14,16,19,15,14,14,17,22,23,70,47,36,16,152,135,29,19,16,140,19,138,55,70,53,24,143,20,56,24,15,26,23,24,146,48,71,27,134,23,76,81,26,140,61,54,35,133,100,40,30,34,40,70,38,96,43,128,44,61
11.75,24,156,63,17,90,145,83,22,61,94,87,37,28,115,130,14,107,173,132,138,20,11,83,68,196,19,57,152,18,10,64,66,60,147,21,40,39,14,15,14,13,13,8,15,19,19,68,43,36,16,153,137,21,16,11,137,16,136,53,70,52,23,147,18,54,21,12,18,19,20,144,46,75,25,138,23,73,76,21,136,52,53,32,132,100,37,29,31,37,61,32,91,34,126,36,54
12,27,161,66,18,94,149,86,24,63,96,87,37,32,118,134,17,112,177,135,141,21,11,85,68,203,23,57,156,20,12,66,68,62,151,23,42,43,16,17,16,13,16,11,16,21,21,71,45,39,19,159,142,22,17,13,141,19,139,55,72,56,26,152,20,55,22,15,21,22,21,148,47,83,28,142,25,76,80,25,141,56,56,34,136,105,41,34,36,41,66,34,96,38,131,39,57
12.25,25,162,65,21,95,152,89,25,63,97,88,39,30,117,135,17,115,179,134,144,23,12,86,69,204,21,57,159,19,11,67,69,62,152,24,42,41,14,16,17,13,14,11,16,20,21,71,46,37,17,160,145,24,18,14,143,18,141,56,74,53,24,152,19,56,23,15,22,21,22,150,48,81,27,142,24,77,83,24,144,58,57,34,137,103,39,31,35,40,66,35,98,38,138,41,58
12.5,26,166,67,23,98,158,92,27,64,98,88,38,32,120,138,20,120,182,136,148,23,12,88,69,207,22,57,164,20,11,67,70,63,155,24,43,42,15,17,18,14,16,13,16,21,22,72,46,38,18,163,148,26,18,14,146,19,143,58,77,54,24,154,19,57,24,15,24,22,22,152,48,82,27,145,25,78,85,25,147,58,60,34,140,105,40,32,34,41,67,35,100,39,145,41,58
12.75,30,171,70,22,101,159,95,26,66,99,90,38,35,122,143,19,122,186,136,152,23,12,88,69,213,25,58,168,22,13,68,71,64,158,24,44,48,17,19,19,16,17,13,18,22,23,73,47,43,22,167,155,27,19,16,149,20,146,62,81,60,28,160,22,57,25,18,25,23,24,156,49,90,32,149,27,81,89,28,152,60,63,37,143,112,45,36,39,45,72,38,104,43,157,44,61
13,29,173,70,23,104,163,98,29,67,101,90,40,36,123,144,20,126,188,137,154,25,13,91,69,216,25,57,172,22,14,69,74,64,161,26,45,48,17,19,20,17,18,14,19,24,25,75,48,44,21,169,158,29,21,16,152,21,148,64,87,60,28,162,22,60,26,19,27,24,26,158,52,91,31,151,27,83,92,29,156,63,66,38,146,114,46,37,39,46,74,40,108,46,172,47,63
13.25,26,172,69,18,106,163,97,24,66,98,91,38,31,123,146,16,130,194,136,154,21,12,90,70,217,22,60,171,23,13,67,72,63,162,22,40,44,16,17,16,15,16,10,17,21,19,74,45,40,20,172,160,22,17,13,148,17,144,66,89,56,27,164,20,58,22,16,18,19,19,154,49,94,28,153,26,78,84,22,152,54,63,32,146,111,40,34,35,39,62,33,102,34,177,37,53
13.5,28,175,70,18,108,166,100,25,66,99,90,38,33,124,148,16,136,196,136,157,21,11,91,70,221,23,60,173,22,12,68,73,63,163,23,41,45,17,18,16,14,16,10,16,21,20,73,46,40,21,174,164,24,18,13,151,17,147,69,94,59,27,166,20,60,23,15,21,21,21,158,48,97,29,154,25,81,88,25,156,55,66,34,147,114,42,35,36,42,66,34,107,38,191,41,57
13.75,25,176,70,17,109,169,102,24,67,99,91,37,30,125,148,16,146,200,136,160,21,12,90,71,221,21,61,174,21,12,67,74,63,165,21,40,41,16,15,15,15,15,10,16,20,19,73,46,36,17,176,166,22,17,12,150,17,146,72,97,54,25,167,19,61,23,15,16,19,20,158,50,95,26,156,23,77,83,21,155,51,65,31,150,112,38,33,32,37,58,31,105,31,198,34,51
14,26,180,71,23,111,173,107,27,68,102,93,42,32,126,150,19,156,200,138,164,24,14,94,70,223,22,59,178,20,12,68,77,64,167,26,46,45,15,17,19,16,17,13,17,24,23,75,51,40,19,179,171,28,20,16,160,20,152,78,106,57,26,169,21,65,27,16,26,25,24,163,51,96,29,157,26,83,95,27,166,61,72,36,154,116,43,33,36,42,71,40,114,44,218,46,63
14.25,27,181,72,21,113,175,109,26,68,102,91,39,33,127,152,18,164,201,137,166,23,12,94,71,227,23,61,179,22,12,68,77,64,170,23,43,46,17,18,17,15,16,12,17,22,21,75,49,40,20,180,175,26,18,15,158,19,150,79,107,59,26,171,20,65,25,15,23,22,23,163,51,101,29,160,27,82,93,25,165,58,71,35,155,118,42,34,36,42,67,35,113,40,221,42,58
14.5,29,186,73,25,115,180,113,30,72,104,92,39,34,128,153,20,170,204,138,171,26,14,96,71,229,23,61,182,22,14,70,79,66,172,26,45,46,17,19,19,16,16,14,18,25,24,77,49,41,21,183,178,29,20,16,162,21,153,83,114,58,27,173,21,68,26,18,25,23,25,166,53,101,29,161,27,84,96,26,168,62,75,37,158,118,42,34,37,43,69,38,116,42,228,43,61
14.75,28,185,73,18,118,179,111,25,70,103,92,41,32,128,153,17,176,210,137,170,20,12,95,72,231,23,63,182,23,12,68,78,64,173,23,42,47,17,16,17,15,16,9,17,21,19,76,48,41,21,185,181,23,18,13,157,18,151,84,115,58,28,177,20,68,24,15,19,20,20,163,51,108,31,166,27,83,91,23,166,55,74,33,160,120,42,33,36,40,63,34,115,36,230,39,55
15,27,188,74,24,119,186,117,30,72,105,92,40,34,130,155,21,181,209,138,174,25,14,97,72,232,24,63,184,23,14,70,81,67,176,26,46,48,17,18,20,17,18,14,18,24,24,78,51,43,21,188,186,28,21,17,165,21,154,89,121,59,28,178,22,72,27,18,26,25,25,168,54,106,31,166,28,86,100,29,175,62,80,37,162,123,43,34,38,44,71,40,122,45,241,46,62
15.25,28,190,75,24,120,187,119,30,72,105,92,40,34,130,156,21,185,211,138,177,25,13,97,72,234,24,65,185,23,14,70,83,67,178,25,46,48,17,17,20,16,17,14,18,24,24,78,51,43,21,189,188,29,20,17,165,21,155,91,125,60,27,180,22,74,27,18,26,24,25,168,54,109,30,168,28,87,102,28,176,61,82,37,165,123,43,35,38,44,71,39,123,44,244,46,61
15.5,29,192,76,23,122,190,120,29,73,106,94,41,35,131,157,21,190,214,139,180,25,13,98,73,235,24,67,185,24,14,71,82,67,180,25,45,49,19,18,20,17,17,14,18,24,23,78,52,43,22,192,192,29,19,15,167,20,156,94,127,61,28,182,22,76,27,18,25,25,24,169,54,112,31,171,28,87,101,27,178,61,85,36,166,125,43,35,38,43,70,38,124,43,247,45,61
15.75,24,191,73,18,124,190,119,26,73,105,92,39,29,130,154,17,193,221,138,179,20,13,96,74,232,20,69,184,24,12,68,81,65,181,22,41,43,16,15,17,16,15,10,17,21,19,78,48,37,18,194,192,22,17,14,162,18,152,93,125,54,25,185,20,76,25,16,16,19,19,165,55,113,27,174,25,81,91,21,173,52,88,31,169,124,38,35,32,37,57,32,119,30,244,37,50
16,29,196,78,27,126,198,128,33,76,109,95,45,36,133,158,24,198,219,141,186,28,17,103,76,237,25,71,187,24,16,73,87,70,184,30,50,51,19,20,22,19,19,18,20,26,27,81,56,44,23,195,198,34,23,20,173,23,160,101,136,62,29,186,24,84,31,20,32,27,28,174,57,114,33,174,29,92,109,31,188,66,101,40,173,128,46,36,40,47,77,45,134,51,261,53,68
16.25,27,196,78,25,127,198,127,31,76,108,94,41,34,132,158,21,199,220,139,186,26,14,100,74,238,23,72,187,24,14,71,86,69,185,26,46,48,17,19,19,16,17,13,18,24,23,80,52,41,20,195,199,27,19,16,169,20,157,99,134,59,26,187,22,82,27,18,24,23,24,172,56,116,29,176,27,87,102,26,184,60,100,36,172,126,41,34,35,42,68,38,129,40,256,43,59
16.5,29,198,78,27,129,202,130,32,76,109,94,43,35,134,159,22,202,223,140,190,27,15,102,74,240,25,74,188,23,15,72,89,69,187,28,48,50,18,20,21,17,18,17,19,26,26,81,55,43,21,197,203,32,21,19,174,23,160,101,137,62,28,190,23,86,29,20,30,25,27,174,56,118,31,177,28,90,109,29,191,65,106,38,175,129,44,35,38,45,74,41,136,47,264,49,64
16.75,33,201,80,27,131,206,133,34,79,110,95,42,39,135,161,22,206,225,141,193,29,17,103,76,245,27,77,190,26,17,74,90,71,189,29,49,54,21,21,22,18,19,17,20,28,28,82,55,46,24,199,208,33,22,19,176,23,161,104,140,66,31,194,25,88,31,22,31,28,28,176,59,124,34,181,30,94,111,32,195,66,111,41,178,133,48,38,42,48,77,44,140,49,270,51,66
17,26,198,76,19,133,205,131,27,76,108,96,40,30,134,157,19,207,231,139,191,20,14,100,76,242,21,80,187,25,13,70,88,68,188,23,43,45,18,16,18,18,15,10,17,21,18,80,51,38,18,200,205,24,18,15,167,18,155,103,133,56,26,194,20,88,27,16,17,19,20,169,55,123,28,185,26,83,96,21,185,52,107,32,179,129,40,37,32,38,56,32,131,30,260,36,51
17.25,31,203,82,25,134,210,136,33,79,110,96,42,37,136,161,22,211,230,141,196,27,15,104,75,249,26,81,190,25,16,73,92,71,191,28,48,54,20,22,21,18,19,17,19,26,26,82,56,47,24,201,211,33,22,19,177,22,162,105,141,66,31,198,25,93,30,21,31,27,28,176,58,127,34,186,31,94,113,31,199,66,115,40,181,135,47,39,42,49,78,45,145,52,275,52,66
17.5,31,204,81,26,134,214,138,34,79,111,94,41,38,135,162,22,213,231,141,199,28,15,104,76,253,26,84,190,25,16,73,93,71,193,28,48,54,20,20,22,18,19,16,19,27,26,82,54,47,24,201,214,32,21,19,176,23,162,105,142,66,30,200,24,94,29,20,29,26,27,177,58,130,33,188,31,94,114,30,201,65,116,39,183,136,48,39,42,48,77,43,145,48,276,49,65
17.75,30,205,82,25,136,216,140,33,80,112,96,42,36,135,162,20,216,233,141,200,27,16,105,77,253,24,86,189,24,16,74,94,71,193,28,49,52,19,20,20,17,18,17,19,26,25,83,55,43,22,202,213,32,21,19,178,22,163,108,143,63,28,199,24,95,29,19,28,26,27,176,58,130,31,188,29,93,114,29,201,63,118,39,185,134,44,36,39,45,74,42,147,46,277,49,64
18,30,206,83,25,136,218,141,33,79,110,95,40,37,136,162,21,218,233,141,202,27,14,105,76,255,26,88,190,25,15,73,94,71,194,27,47,55,19,19,21,17,18,14,19,25,25,83,54,47,23,204,217,31,19,18,177,22,162,108,142,67,30,203,23,97,29,20,29,26,26,177,58,133,33,190,29,94,114,29,204,65,120,39,186,136,47,38,41,48,76,42,149,48,279,49,63
18.25,27,205,83,22,138,219,143,32,79,111,96,39,33,136,162,18,220,236,140,202,25,13,104,78,256,23,92,189,24,14,73,95,70,196,25,46,50,18,18,19,17,18,14,18,24,23,83,53,41,21,208,217,28,19,16,175,20,161,108,141,61,27,203,21,98,26,18,22,23,24,175,58,133,29,191,28,90,108,26,201,58,118,36,187,135,41,35,35,41,66,37,147,39,276,41,58
18.5,29,208,83,22,139,221,145,31,80,111,96,41,36,137,162,19,222,237,139,204,24,12,104,77,259,25,94,190,24,14,74,95,70,196,25,46,53,19,19,19,17,18,14,18,24,23,83,54,45,23,214,221,28,19,16,176,20,162,109,141,65,29,207,23,101,28,19,25,24,24,176,57,138,32,195,30,93,114,28,206,61,120,37,189,138,45,38,39,45,72,39,156,44,281,46,61
18.75,29,208,84,26,140,225,149,34,82,114,97,45,35,137,162,23,225,237,141,208,27,16,107,79,259,25,97,191,24,16,74,98,71,198,29,51,53,19,19,21,18,18,18,20,26,26,84,57,45,23,217,222,33,22,19,180,23,165,112,145,65,29,207,24,105,31,20,31,27,27,178,60,136,33,195,29,96,119,31,212,66,125,39,192,140,46,36,40,47,77,46,164,51,288,53,68
19,28,207,82,23,141,227,150,32,81,113,96,42,33,136,160,19,227,240,139,208,25,15,106,79,256,21,99,189,23,14,74,97,70,197,24,47,47,16,17,17,16,15,13,18,22,22,84,55,38,18,221,222,28,18,15,176,19,162,110,142,58,25,206,20,104,27,15,22,22,22,175,57,133,26,196,25,89,109,24,205,56,122,35,193,136,37,31,32,37,61,34,158,37,280,41,56
19.25,31,211,86,25,143,230,154,35,83,113,96,40,38,137,164,22,230,239,141,213,27,14,107,79,263,27,102,192,25,15,75,100,72,199,27,48,56,19,20,21,17,19,16,19,26,25,85,56,48,24,226,230,32,20,19,180,23,165,110,146,68,31,213,25,109,30,21,29,26,26,178,61,141,34,200,30,98,120,31,216,65,127,40,195,143,47,38,42,49,77,43,167,49,288,50,65
19.5,31,210,84,27,146,233,157,36,84,116,99,45,37,138,162,23,233,241,141,214,28,17,110,82,260,23,105,191,25,14,75,101,73,199,30,50,52,19,19,20,19,17,18,20,26,26,86,57,41,20,227,228,34,22,19,181,23,166,113,147,62,28,211,23,110,31,18,29,26,26,178,60,135,28,199,27,94,119,28,216,64,128,37,197,140,42,33,36,42,71,44,167,46,288,49,63
19.75,33,215,89,30,147,238,161,38,86,116,99,43,41,140,166,25,237,242,143,218,32,18,111,84,265,29,108,196,27,19,77,104,75,203,31,51,58,21,22,24,20,22,19,22,29,30,88,59,50,26,232,237,37,24,22,184,25,168,114,152,69,32,218,26,115,33,25,34,30,31,181,64,144,36,205,33,102,125,34,223,69,132,43,201,146,49,41,44,52,81,47,173,53,294,55,69
20,26,210,84,21,147,235,158,31,82,115,98,41,32,139,163,20,238,245,140,215,22,14,108,83,263,22,112,192,25,14,75,101,71,201,24,45,52,18,17,18,16,16,13,18,22,20,86,54,40,20,231,234,27,18,15,177,20,163,112,147,61,27,216,21,112,28,17,21,21,22,176,60,143,29,205,28,92,112,24,214,56,127,35,200,141,41,33,34,40,63,35,164,37,284,40,55
20.25,30,213,88,26,147,240,162,36,85,116,98,42,37,138,165,23,241,246,141,219,26,16,110,84,266,26,114,194,25,16,76,104,74,203,28,48,60,19,20,21,18,19,15,19,26,25,87,57,47,23,234,238,32,21,19,182,23,166,114,152,68,31,219,24,117,32,22,29,26,27,179,62,146,34,208,31,99,122,30,223,65,132,40,203,146,46,39,41,48,76,43,171,49,293,50,65
20.5,28,213,87,26,149,241,165,36,86,116,99,42,36,139,165,22,243,249,141,220,27,16,111,87,266,25,116,194,26,16,76,106,74,204,28,48,62,20,19,21,19,19,15,19,26,25,88,57,45,22,234,239,32,21,18,182,22,166,115,155,65,29,220,23,119,31,21,28,26,27,179,63,145,32,209,30,98,121,29,223,64,132,39,205,145,44,36,38,45,73,42,170,46,292,48,63
20.75,28,213,87,26,150,245,167,37,86,117,100,42,35,140,164,22,245,251,141,221,28,16,112,88,266,24,118,194,24,15,76,106,74,204,28,49,64,19,19,20,18,18,16,19,25,24,88,57,44,20,235,239,31,20,17,182,21,167,114,156,64,27,221,22,119,30,20,25,25,25,179,63,145,30,211,29,96,120,27,223,61,133,38,206,145,42,34,36,43,69,39,168,42,291,45,59
21,27,212,87,21,152,245,165,33,84,116,99,41,32,140,165,20,247,255,139,221,23,15,111,88,268,24,122,194,25,14,75,105,73,204,26,46,69,20,19,19,17,17,12,18,23,21,87,55,43,22,237,241,27,18,15,179,19,164,113,155,65,28,224,22,120,28,18,23,22,23,177,62,149,31,213,29,96,117,25,222,57,132,35,207,147,42,35,37,41,65,37,167,39,289,42,57
21.25,27,214,87,20,155,247,167,33,86,117,100,41,32,142,165,20,250,260,140,222,22,16,112,89,268,23,126,195,28,15,76,106,73,205,25,44,72,20,18,19,18,17,12,19,22,21,88,55,42,21,238,243,26,19,15,178,19,164,114,156,62,28,228,22,122,29,20,19,21,21,176,62,152,31,218,30,93,113,23,223,54,133,33,211,149,42,37,35,40,61,34,166,33,287,38,53
21.5,29,216,89,20,154,248,169,32,85,117,100,42,34,141,166,20,251,260,140,223,22,15,112,91,271,25,128,195,27,15,75,106,73,205,24,46,80,20,19,20,18,18,11,18,22,21,88,55,46,23,239,245,27,19,15,179,19,165,115,159,67,30,228,24,124,29,20,22,21,23,177,62,154,32,219,30,98,118,25,226,57,136,36,211,151,44,37,38,43,66,36,169,38,291,42,56
21.75,30,215,90,23,156,252,173,37,86,118,100,42,38,141,166,20,254,260,141,226,27,15,114,94,272,26,129,194,26,15,77,110,74,206,27,48,83,20,20,21,18,18,16,19,25,25,90,58,46,23,240,246,31,20,17,184,21,167,117,166,70,31,229,24,128,31,20,28,25,26,180,63,153,33,220,31,101,126,29,233,63,139,38,213,153,47,39,41,47,74,43,174,47,297,49,63
22,29,215,90,27,157,255,176,39,88,119,101,42,36,141,166,23,257,261,141,228,27,15,114,94,271,25,131,196,27,16,77,109,75,206,28,49,85,20,20,22,17,18,15,19,25,25,90,57,45,22,240,247,31,21,18,184,22,168,118,168,67,29,230,24,129,32,20,27,25,26,180,64,152,32,220,31,100,126,29,233,63,140,38,214,152,44,35,38,45,71,41,174,44,296,47,60
22.25,29,215,91,23,158,258,177,37,87,120,101,41,35,142,168,22,258,264,140,228,25,15,114,96,272,26,134,196,26,16,78,110,75,207,26,48,91,20,21,22,17,18,14,18,25,24,90,58,47,23,241,248,30,20,17,182,21,167,118,169,69,31,231,24,131,31,20,25,23,24,179,63,156,34,224,31,100,125,28,233,61,141,37,215,154,46,38,40,46,71,40,175,44,297,47,60
22.5,29,216,91,26,159,259,180,41,89,120,102,42,36,143,167,22,261,265,142,230,28,17,116,97,272,26,135,197,27,16,79,112,76,207,28,50,92,20,20,22,19,19,16,20,25,26,91,59,45,23,242,249,31,20,18,185,22,169,120,172,68,29,232,24,133,32,21,27,25,26,181,65,155,32,224,31,101,126,29,236,63,143,39,218,155,45,37,39,45,72,41,177,44,299,47,61
22.75,31,217,92,26,161,261,182,43,90,120,103,42,38,143,168,23,263,266,142,231,28,16,116,99,275,27,137,197,27,17,79,112,76,209,28,49,97,22,22,22,19,19,16,20,26,26,91,59,48,25,244,251,31,21,19,185,23,168,120,173,71,32,235,26,135,32,22,27,25,26,182,65,159,34,228,32,103,128,29,238,63,144,39,219,157,46,38,41,48,73,42,177,45,299,46,61
23,30,218,91,25,161,263,183,40,89,122,103,45,37,142,167,22,264,266,141,231,27,17,116,102,276,26,139,196,27,16,78,113,75,208,29,51,99,21,21,22,19,19,17,19,26,25,92,61,48,24,245,251,33,22,18,186,23,170,123,175,72,31,235,26,138,34,21,30,26,27,182,65,158,35,229,32,105,132,31,243,67,148,41,222,160,47,38,43,50,78,46,182,52,305,54,67
23.25,30,217,92,27,163,265,187,43,90,123,103,44,36,145,168,23,267,269,142,233,28,17,118,103,275,26,140,197,26,16,79,114,76,209,28,49,102,19,21,21,20,19,17,20,26,27,93,61,45,23,245,251,33,22,19,186,23,170,124,175,69,29,236,24,139,34,22,29,26,28,182,66,157,32,228,31,102,131,30,242,64,148,39,222,160,45,36,38,45,73,43,181,47,303,49,63
23.5,29,219,93,20,165,266,186,41,89,121,103,41,35,145,169,19,269,271,141,232,23,14,117,102,277,26,146,196,28,15,77,112,75,209,25,46,106,21,21,20,17,19,12,19,22,22,91,57,46,24,247,253,27,19,16,183,20,167,123,172,71,31,239,23,139,30,20,22,22,22,179,65,163,33,234,31,101,123,25,239,57,146,36,224,161,45,38,39,44,66,37,176,38,297,42,56
23.75,30,219,93,27,165,269,190,46,92,124,104,45,37,145,168,24,270,270,142,235,29,17,119,106,275,25,144,197,26,16,79,115,77,208,30,52,107,21,21,23,19,19,17,20,27,27,94,62,47,23,246,252,35,22,20,188,23,171,127,178,73,30,237,26,143,34,22,31,26,28,183,68,158,34,231,32,105,134,31,246,67,151,41,226,162,47,36,41,47,75,47,184,51,306,53,65
24,30,219,92,28,167,272,192,46,92,124,104,43,36,144,168,24,272,272,142,236,27,17,119,107,276,25,146,198,27,16,79,115,77,210,29,50,109,20,20,22,19,19,16,20,25,26,94,60,44,21,248,253,32,21,18,186,21,170,127,177,74,29,239,24,144,33,19,26,24,25,182,69,158,31,233,31,103,130,28,243,62,149,38,227,163,42,34,37,43,68,41,181,43,302,45,59
24.25,31,221,94,25,167,272,193,46,93,122,104,43,38,145,169,21,275,272,142,236,28,15,119,107,279,28,149,198,27,16,79,116,78,210,30,51,116,22,23,22,18,19,16,20,26,28,93,61,50,25,249,256,33,21,19,188,23,172,129,179,83,32,241,26,146,34,21,30,26,27,184,70,164,35,236,34,107,135,31,249,66,154,41,229,167,48,39,43,51,77,46,185,51,308,53,65
24.5,30,220,93,27,167,273,196,48,92,124,106,45,36,146,169,25,275,273,142,236,28,18,120,109,277,25,149,198,27,16,79,116,77,209,30,52,116,22,21,23,19,20,17,20,26,27,94,62,47,24,248,254,35,23,20,188,23,171,131,179,83,31,240,26,149,35,22,31,27,27,183,72,162,34,235,33,107,136,31,249,67,155,40,230,167,46,36,41,47,76,45,186,51,308,53,65
24.75,27,218,92,22,170,274,195,45,92,123,106,42,31,147,167,20,276,277,141,235,23,16,120,107,276,23,154,198,28,15,77,114,76,210,25,46,115,20,19,20,19,16,12,19,23,21,93,59,43,21,251,254,27,20,17,183,20,169,130,174,85,28,247,23,148,33,19,20,20,21,180,73,167,31,240,30,98,121,23,243,54,151,34,234,168,41,40,35,39,58,35,179,32,298,39,52
25,34,223,95,30,171,278,201,53,96,125,106,43,43,147,171,27,278,274,144,240,31,18,122,110,281,30,155,201,29,19,82,119,80,212,32,54,123,23,24,26,20,23,19,23,28,31,95,63,52,27,251,258,37,24,22,191,25,173,134,183,95,34,245,29,155,37,24,35,28,31,186,78,167,38,239,35,113,141,35,255,71,159,43,232,171,49,41,46,54,82,48,191,54,312,55,68
25.25,30,221,95,28,171,278,202,52,95,127,108,44,36,148,170,23,280,276,143,239,30,18,123,110,279,25,156,199,28,17,81,119,79,212,30,51,123,21,21,23,20,20,17,22,26,27,95,62,45,23,250,255,33,22,19,189,23,172,134,181,95,29,244,25,153,34,21,28,26,27,184,80,165,32,238,31,105,135,29,251,64,157,39,234,169,44,36,38,45,72,43,187,46,307,48,61
25.5,31,222,96,26,172,278,203,53,94,125,107,43,39,147,170,23,280,277,143,240,28,17,123,109,280,28,158,199,27,16,80,118,79,211,29,51,127,22,21,22,19,19,17,21,26,27,95,62,49,25,250,256,34,21,20,189,23,172,134,181,102,32,246,26,155,35,23,30,26,28,185,82,170,36,241,33,108,138,31,254,67,159,41,235,172,48,39,43,50,77,45,190,49,310,52,64
25.75,31,223,99,29,173,281,206,54,96,126,107,43,39,148,170,26,282,277,143,240,30,17,123,110,280,27,160,200,27,17,81,119,79,212,31,53,129,22,23,24,19,21,18,20,28,28,96,62,49,24,250,257,35,22,20,190,24,173,137,183,103,31,246,25,158,36,22,31,27,28,185,85,168,35,240,34,109,140,31,255,67,161,41,236,173,47,38,42,49,76,45,191,50,310,51,64
26,28,222,105,24,174,281,207,54,96,125,107,41,35,149,171,21,282,280,142,239,26,16,123,108,281,26,162,199,28,16,81,119,80,212,28,50,131,21,21,21,18,19,15,20,25,25,96,61,46,23,251,258,30,21,17,188,21,171,137,180,105,30,249,24,157,33,20,25,24,25,184,86,172,32,242,32,106,133,27,252,59,160,38,238,172,44,37,38,45,68,39,188,41,306,44,58
26.25,33,223,114,30,176,284,210,57,98,128,108,45,39,150,171,27,284,279,144,242,31,19,126,111,281,28,163,201,28,18,81,121,80,212,30,54,133,23,23,25,21,21,18,21,28,30,97,64,50,25,252,257,37,24,22,192,24,174,139,186,109,32,247,28,162,38,22,33,27,29,186,90,170,36,241,34,112,143,33,259,69,164,43,239,175,48,39,42,51,79,47,194,53,313,54,66
26.5,33,224,120,31,176,286,211,59,98,129,109,46,40,150,170,26,285,280,145,242,32,19,126,112,281,28,163,202,28,19,82,121,81,212,32,54,133,24,23,26,21,21,19,22,28,31,98,65,50,25,251,257,38,25,22,193,25,175,141,186,109,32,247,27,164,39,24,34,28,31,187,93,169,36,241,35,111,145,33,261,70,166,43,240,177,48,39,43,51,79,48,196,54,315,55,67
26.75,33,225,125,31,178,288,215,60,99,128,109,44,40,151,172,27,287,281,145,243,32,19,126,112,283,29,167,203,28,19,81,122,81,214,32,54,136,24,24,26,21,21,18,23,28,30,97,64,50,26,252,258,37,24,22,192,25,175,141,187,114,33,249,28,166,39,23,33,27,30,187,95,171,36,243,35,112,143,32,260,68,166,43,242,179,48,39,43,50,78,46,197,52,314,53,65
27,30,223,129,23,178,286,212,57,96,127,109,43,36,150,172,22,287,283,142,240,25,15,125,110,283,27,169,201,29,16,79,119,78,213,27,49,139,22,21,21,18,19,14,19,24,24,96,61,49,24,252,259,30,21,18,188,21,172,141,184,116,33,253,25,164,34,20,26,23,26,185,94,177,34,244,34,109,138,28,256,61,164,38,241,178,46,39,41,47,70,41,194,44,309,45,60
27.25,28,223,130,23,178,286,214,58,95,128,110,46,34,150,170,22,288,285,141,239,24,16,126,112,282,24,169,201,26,15,80,120,78,211,28,50,138,21,21,21,19,17,14,20,23,24,97,62,46,23,252,257,31,20,17,188,20,172,142,183,117,29,252,23,165,35,18,26,23,25,184,95,174,32,243,32,107,137,27,257,61,165,37,242,178,44,36,39,45,69,41,195,44,308,47,60
27.5,27,223,133,19,181,288,215,58,97,126,110,41,31,152,170,19,288,286,141,239,21,15,126,110,280,22,173,200,27,15,78,119,77,212,25,46,137,21,19,19,18,16,12,18,22,21,96,60,43,20,252,257,26,18,15,185,19,171,141,181,117,27,258,22,165,33,18,19,20,20,183,95,178,29,246,29,102,129,22,256,53,164,33,246,183,40,37,34,39,58,35,192,32,304,38,52
27.75,31,224,136,26,180,290,218,62,98,128,110,44,38,150,171,23,290,283,143,242,27,17,127,113,284,27,172,202,27,16,80,123,79,213,29,52,143,22,22,23,19,19,17,20,26,28,98,64,52,25,252,260,35,22,20,192,23,175,144,189,123,33,252,26,170,37,23,33,26,29,186,102,177,36,246,34,114,146,32,265,68,171,42,245,184,49,40,45,52,80,47,201,53,317,55,67
28,31,225,139,28,180,291,221,63,99,129,110,44,38,150,171,24,291,284,143,242,30,17,128,113,282,26,172,201,26,17,81,124,80,213,31,53,143,21,21,23,19,19,17,21,27,28,98,63,48,22,251,258,34,22,19,192,23,174,146,190,123,30,251,24,171,36,21,30,26,28,186,103,174,33,244,32,110,145,30,263,67,170,40,244,183,45,36,40,47,76,45,200,50,315,50,63
28.25,33,226,142,30,182,293,224,66,101,130,112,45,40,152,172,26,292,285,144,244,32,19,129,114,283,28,174,203,27,19,82,125,81,214,31,55,145,23,23,25,21,20,18,21,28,30,100,65,51,25,252,259,37,23,21,194,25,176,148,191,125,32,253,27,173,39,22,33,28,29,188,106,176,36,246,34,114,148,33,266,69,172,42,246,186,48,38,43,51,79,48,203,53,317,54,66
28.5,30,224,142,26,183,293,225,65,100,129,111,42,37,151,173,23,292,287,143,243,29,17,128,113,283,27,176,202,28,17,81,124,80,215,29,51,148,21,21,23,19,19,16,21,26,27,99,62,49,24,252,260,32,21,19,192,23,174,147,189,127,31,256,25,173,36,22,28,25,26,186,107,178,34,246,33,112,143,28,264,64,171,40,246,185,45,38,40,47,74,42,202,46,314,48,61
28.75,30,225,144,26,184,295,226,66,100,131,112,43,38,152,173,24,293,287,143,243,28,17,129,115,285,28,179,203,28,17,81,126,81,215,29,52,149,23,22,23,19,20,16,20,26,28,99,65,51,26,252,260,33,22,19,193,23,176,149,191,130,33,257,26,175,37,22,31,26,27,187,108,181,36,247,34,113,146,30,267,66,173,40,247,187,48,40,42,49,76,45,204,49,316,51,63
29,28,225,144,23,184,296,226,66,100,130,112,41,34,153,171,22,294,289,143,242,24,16,130,114,283,24,181,202,28,16,80,124,79,215,27,49,149,21,20,22,19,19,13,19,23,23,99,61,46,22,252,259,29,20,17,189,20,174,149,189,130,31,259,24,175,35,20,23,22,23,185,108,181,31,248,33,109,138,26,263,57,171,36,249,188,43,36,37,43,64,38,200,39,309,42,55
29.25,29,226,146,25,186,296,229,66,100,130,112,43,37,152,172,23,295,288,142,243,27,16,129,116,283,26,180,203,28,16,81,125,80,214,29,51,151,21,22,23,19,19,15,20,25,26,100,64,48,23,252,259,32,21,18,192,22,175,150,192,132,30,257,25,176,37,20,28,24,27,186,110,180,33,247,33,112,145,29,266,63,174,40,248,189,46,37,40,47,73,43,205,47,314,49,62
29.5,28,225,145,22,188,297,229,67,101,130,114,44,32,155,171,21,295,293,142,242,21,16,131,117,281,23,184,202,28,16,80,125,79,214,26,47,149,21,19,19,20,17,12,20,23,22,100,63,44,20,254,259,28,19,16,188,20,173,152,187,130,29,265,23,177,36,18,19,20,21,184,108,184,30,251,31,105,134,23,263,54,172,34,253,196,41,39,35,38,57,36,201,33,309,39,52
29.75,31,227,149,25,188,299,233,69,101,131,114,43,38,154,174,23,296,291,143,244,28,17,131,118,286,28,185,204,29,18,82,127,81,216,28,52,157,23,23,23,20,20,15,21,25,27,101,64,51,26,253,261,32,21,18,193,23,176,153,194,137,34,261,26,181,38,21,28,26,26,188,113,186,35,250,35,114,147,30,268,64,176,40,250,194,48,40,43,48,75,44,208,48,316,50,61
30,34,226,149,29,188,300,235,72,104,133,115,46,39,154,172,26,296,289,143,245,31,20,132,118,281,26,184,203,28,18,82,127,81,215,31,54,154,21,22,25,22,20,18,22,27,28,102,66,48,23,251,258,37,22,21,195,24,176,155,195,135,30,258,26,183,40,21,31,26,28,188,114,178,32,248,31,113,150,29,269,65,177,40,250,196,44,34,38,46,74,46,209,49,317,50,62
30.25,32,226,150,28,189,301,238,73,104,133,115,48,39,154,173,25,297,289,144,246,31,19,133,121,282,27,185,203,28,19,82,129,82,216,33,57,156,23,22,25,21,20,19,22,28,31,102,68,49,24,252,259,39,25,22,197,25,178,157,198,138,31,257,27,186,41,23,34,28,30,190,115,179,34,248,33,116,154,33,275,70,182,43,251,197,47,37,42,50,80,51,214,57,322,57,68
30.5,28,226,151,24,191,302,238,72,104,132,115,41,35,154,173,22,299,293,143,245,26,17,132,119,284,26,190,204,28,17,81,128,81,216,27,50,159,21,21,21,19,19,14,20,25,25,102,63,48,23,252,260,32,21,17,192,22,175,156,194,139,31,263,24,184,37,21,26,24,25,188,117,186,34,250,33,112,144,27,268,61,177,38,252,196,44,37,39,45,68,40,208,42,314,44,58
30.75,29,225,151,26,191,302,239,73,104,134,117,47,35,154,173,24,298,291,143,245,27,18,134,122,282,25,188,204,27,17,81,129,81,216,30,54,158,21,22,22,19,19,16,21,25,27,102,66,48,22,252,258,34,22,19,195,23,176,158,197,140,29,260,25,186,40,20,30,26,26,188,118,181,32,249,33,114,150,30,271,65,180,40,251,197,44,35,39,46,72,46,212,49,318,51,62
31,29,228,154,20,193,304,239,71,104,132,117,42,34,156,174,20,301,296,144,245,23,16,132,121,285,27,194,205,30,17,80,129,81,215,26,47,162,22,21,21,19,19,12,20,24,23,103,62,49,24,253,263,27,20,16,191,20,174,157,192,143,32,268,25,187,37,21,21,21,22,186,117,191,33,254,34,112,139,24,268,55,178,35,253,199,45,40,40,45,65,37,209,36,313,40,54
31.25,32,228,155,26,193,305,243,75,105,133,116,42,39,155,175,25,300,294,144,246,28,17,133,121,285,29,193,206,29,18,82,131,82,217,29,52,165,23,23,23,19,20,15,21,26,27,104,64,53,26,254,263,33,22,19,195,23,177,160,198,145,34,263,27,190,41,23,29,26,27,189,121,189,37,253,36,117,151,31,272,65,182,41,252,199,48,40,43,50,75,44,214,48,318,50,62
31.5,33,228,157,25,193,306,244,74,106,132,116,42,42,155,175,23,302,293,144,247,29,16,133,123,287,30,195,205,28,18,82,133,83,217,30,53,166,24,25,24,20,21,17,21,27,29,103,65,54,27,253,264,35,23,20,197,24,177,161,200,148,34,263,27,192,42,23,31,27,28,190,123,190,37,254,36,119,155,32,275,68,183,42,253,202,50,41,45,52,80,47,217,51,322,51,65
31.75,30,228,156,26,193,307,246,74,106,134,117,43,37,156,175,24,301,294,143,247,28,18,134,124,283,26,195,205,28,17,82,133,82,217,30,52,166,22,22,23,19,20,16,21,26,28,104,65,50,24,252,260,33,21,19,195,23,178,161,200,146,31,263,26,192,42,21,29,25,27,189,124,188,34,253,34,116,151,29,274,64,183,40,253,202,45,38,41,48,73,44,216,47,319,49,61
32,33,227,157,30,195,307,248,76,108,137,119,49,38,157,175,27,302,294,144,248,30,21,136,127,282,26,195,205,28,18,82,133,83,216,33,56,166,22,23,24,21,20,17,23,28,30,106,69,49,23,252,259,38,24,21,197,24,179,165,201,145,30,263,26,195,44,22,32,27,28,190,124,184,33,252,33,116,155,32,276,67,186,41,253,207,45,35,39,47,75,49,219,52,321,53,64
32.25,29,227,158,21,197,309,247,72,107,133,119,42,33,157,174,21,303,297,143,246,22,16,135,124,284,25,201,206,30,16,82,133,82,216,27,48,168,22,21,21,19,18,12,20,23,23,104,64,48,23,253,261,28,20,16,192,21,175,162,195,147,31,273,24,193,41,21,20,22,22,187,124,193,33,256,34,112,141,24,272,55,183,35,256,207,44,39,38,43,62,37,215,36,314,40,53
32.5,30,228,159,23,196,309,249,73,106,134,118,43,36,156,175,23,303,297,142,246,25,16,135,126,285,27,200,207,29,17,82,133,81,216,27,50,171,23,22,22,19,20,13,19,24,25,105,65,51,24,252,261,30,20,17,194,21,176,164,198,150,32,268,26,196,42,21,26,24,25,189,127,192,35,255,34,116,149,28,273,60,185,38,254,205,46,38,40,47,69,41,218,43,317,46,58
32.75,31,228,162,27,197,310,252,76,109,135,118,45,38,157,175,25,303,296,144,248,30,18,136,129,284,28,200,205,28,18,82,136,84,218,30,53,171,23,23,23,20,20,16,21,28,29,107,66,50,25,252,261,34,21,20,198,25,178,166,203,150,32,265,26,198,46,22,30,26,27,190,129,190,35,255,34,118,154,30,277,65,187,41,254,207,45,38,41,49,74,45,222,48,321,49,62
33,36,231,164,32,199,312,255,78,111,136,119,44,44,158,177,28,305,296,146,251,32,20,138,129,286,33,203,209,31,21,84,138,85,218,33,57,175,27,25,29,23,24,19,23,30,33,109,68,58,30,254,265,40,26,23,200,27,180,169,206,156,37,264,31,202,51,26,37,30,31,193,132,193,40,258,40,126,161,37,281,73,191,46,254,210,52,43,47,56,83,50,227,56,326,56,68
33.25,33,228,162,29,198,312,256,78,111,137,120,47,40,157,175,27,305,296,146,249,32,21,138,130,283,28,201,206,28,19,84,139,84,218,33,57,173,23,23,24,21,20,18,22,29,30,109,70,50,24,252,259,37,23,22,199,26,180,170,204,151,31,265,27,202,48,22,33,29,29,192,132,188,33,254,33,119,157,32,279,68,190,42,255,211,45,36,40,47,75,47,225,51,323,53,64
33.5,35,229,164,32,200,313,256,79,112,139,120,49,41,158,177,28,305,297,146,250,34,22,140,132,283,29,203,208,29,21,85,140,86,218,35,59,175,25,25,26,22,23,20,24,29,33,110,71,53,27,253,261,40,26,24,201,27,182,172,206,154,33,264,29,205,52,25,37,29,32,193,135,188,36,255,36,123,162,36,282,72,194,45,255,214,49,38,44,52,81,52,230,57,327,58,68
33.75,34,231,166,30,200,313,258,78,112,137,120,45,41,158,177,28,305,297,145,250,33,19,138,130,285,31,204,207,29,19,84,140,85,218,33,56,177,25,25,27,22,22,19,23,29,32,109,69,55,27,252,263,39,25,23,200,26,180,172,207,156,36,265,29,205,51,25,35,28,30,193,135,193,38,257,37,124,161,34,281,71,193,45,255,213,50,41,46,53,81,50,230,55,327,55,66
34,29,226,164,24,199,311,257,76,109,135,119,43,36,157,175,22,305,298,143,248,26,16,137,131,282,24,206,205,26,16,82,138,82,217,28,52,175,20,21,21,19,19,14,20,25,26,107,67,47,21,251,259,31,20,17,196,20,177,171,202,151,29,268,24,204,48,19,26,22,25,190,134,191,31,256,31,116,152,28,276,60,190,38,254,213,41,34,37,43,68,41,225,42,319,45,57
34.25,29,228,165,22,201,313,258,75,109,137,119,43,34,159,175,22,305,301,142,248,25,17,139,132,284,26,209,206,29,17,81,138,81,218,27,51,178,22,21,21,18,19,13,20,24,25,109,67,49,24,252,260,30,20,17,196,21,178,171,201,154,31,272,25,205,49,19,24,23,24,189,135,196,33,257,34,116,150,26,276,59,190,38,256,213,44,37,39,45,67,40,225,41,319,44,57
34.5,33,231,167,31,201,315,261,79,113,137,120,44,41,159,177,27,306,298,146,252,33,19,139,133,285,30,208,208,28,18,84,142,85,218,32,56,180,25,23,26,21,22,19,23,29,31,111,69,53,27,253,262,38,24,22,201,26,181,174,207,158,33,266,29,210,54,24,35,28,29,193,139,194,38,258,36,125,161,33,282,70,196,45,254,214,49,39,44,52,79,47,232,54,327,54,66
34.75,30,228,166,26,201,314,261,77,110,137,120,43,36,160,176,24,306,301,143,249,26,16,139,133,283,26,209,208,27,17,82,140,82,218,29,53,180,22,22,23,19,19,15,20,26,26,109,67,50,23,252,260,32,21,18,198,22,179,174,204,155,31,270,25,208,52,21,28,25,26,190,139,193,33,257,34,118,156,29,278,63,193,39,255,216,44,36,40,46,71,43,230,45,321,48,59
35,30,229,167,21,202,316,262,77,111,136,121,43,34,163,176,22,307,303,143,250,21,17,140,133,284,26,215,208,30,18,81,140,82,219,26,50,183,23,21,21,19,19,13,20,24,24,109,65,51,25,253,262,29,20,17,196,21,177,174,200,157,32,275,25,210,53,22,23,22,24,189,138,199,34,260,35,118,148,25,277,57,192,37,256,215,45,40,39,45,65,38,229,38,319,43,54
35.25,32,230,170,28,202,315,264,80,113,138,121,43,39,163,176,25,308,302,145,251,29,18,140,134,285,30,213,209,29,19,83,142,84,220,31,54,183,23,23,24,20,20,17,22,28,29,111,68,53,26,253,262,35,22,20,199,24,181,177,206,160,33,269,27,211,55,23,31,28,28,193,142,197,36,260,35,123,159,31,281,67,195,42,255,216,47,40,44,51,77,46,234,50,325,52,63
35.5,30,229,169,23,202,316,265,79,111,137,120,44,36,164,176,21,307,302,143,249,25,16,140,135,285,26,214,207,28,16,82,142,82,218,29,52,185,22,22,21,18,19,14,21,25,26,110,67,52,25,253,261,32,21,17,198,22,179,177,204,160,32,271,25,212,55,21,28,24,25,191,141,199,35,260,35,121,157,29,280,64,195,39,255,216,46,39,41,47,73,44,234,48,324,49,61
35.75,32,230,171,28,203,317,266,83,113,138,122,45,41,166,177,25,308,302,145,251,31,19,142,137,286,29,214,208,28,19,83,145,85,220,32,57,185,25,24,26,20,21,19,23,29,32,112,71,54,27,252,263,37,24,22,201,25,182,180,209,162,34,268,28,216,59,24,35,29,30,194,145,198,37,260,36,126,166,34,285,70,200,45,256,221,49,40,44,53,82,50,240,57,330,56,67
36,32,229,171,28,203,317,268,86,115,140,122,47,39,168,177,26,308,302,145,252,31,20,143,139,283,28,214,207,28,19,83,146,84,219,33,57,185,23,23,25,20,20,18,22,29,31,111,70,51,24,252,260,38,23,22,201,26,181,181,208,159,31,269,27,217,60,23,34,28,29,193,146,194,34,259,35,123,164,32,284,69,201,42,256,223,45,37,42,49,77,49,240,53,328,54,65
36.25,28,227,169,24,203,317,268,85,111,138,121,45,33,169,176,22,307,304,142,249,22,17,142,138,282,24,217,206,28,15,81,143,82,218,28,51,185,21,21,21,19,17,12,19,24,24,109,68,48,22,253,260,31,20,16,197,20,178,179,202,156,29,275,24,215,57,17,24,23,23,189,145,198,31,260,32,118,153,26,279,59,197,37,256,223,41,34,37,42,65,41,235,41,320,44,56
36.5,34,230,173,29,204,319,270,89,115,140,122,46,41,171,178,28,310,302,146,253,31,19,144,140,286,30,218,209,30,20,84,147,86,220,33,57,190,26,25,27,21,23,19,24,30,33,114,70,57,29,253,263,39,25,23,203,26,183,184,210,164,36,270,29,221,64,26,36,29,31,194,150,200,40,263,39,129,169,35,287,72,204,47,256,224,51,42,47,55,84,52,244,57,331,58,69
36.75,30,229,172,22,204,317,270,88,112,139,121,43,34,172,177,22,309,305,143,250,23,15,144,138,285,27,221,208,28,17,80,144,82,220,28,52,189,22,21,22,19,18,12,19,24,25,112,68,52,24,252,261,30,21,17,198,21,179,183,203,162,32,275,25,218,60,20,26,23,24,191,148,201,34,262,34,121,155,27,281,60,199,39,256,221,45,38,40,46,69,41,238,43,321,46,58
37,31,230,174,24,206,318,272,90,113,139,122,45,37,174,179,24,310,306,144,251,25,17,143,140,286,30,223,209,29,18,82,145,83,221,29,52,192,24,24,23,20,20,14,22,26,27,112,68,54,27,253,262,33,22,18,199,23,180,185,206,164,33,275,27,220,62,22,27,25,26,192,150,203,37,264,37,124,160,30,282,63,201,40,256,223,48,40,43,49,72,43,241,46,324,48,59
37.25,34,229,174,29,205,318,273,94,115,142,122,49,38,175,178,27,309,303,145,252,30,21,145,143,282,27,219,209,28,19,83,147,84,220,33,57,189,23,23,24,22,20,17,22,29,30,112,71,51,24,252,260,38,24,21,203,25,182,187,208,160,31,272,27,223,65,21,32,27,29,193,152,197,33,261,34,124,165,31,286,67,204,42,256,231,44,35,40,47,75,48,244,52,327,53,63
37.5,27,228,172,21,205,318,272,90,113,138,121,43,32,175,177,21,310,306,143,250,22,16,144,140,283,24,224,208,27,15,80,144,82,220,27,51,192,21,20,20,18,17,12,19,24,23,111,67,49,22,252,260,29,20,16,198,20,178,184,203,161,30,277,23,221,61,19,22,22,23,191,150,202,32,263,34,120,155,25,281,56,201,37,256,226,42,36,37,43,65,39,240,40,321,43,55
37.75,28,228,173,21,205,318,273,91,114,139,122,44,32,177,176,20,309,306,143,250,22,16,145,141,283,24,224,208,27,16,81,144,82,220,26,50,193,21,20,21,18,18,11,20,24,24,111,67,48,22,251,259,29,19,16,198,21,179,185,202,160,29,277,24,223,63,18,23,21,24,191,152,202,31,262,33,120,155,24,281,58,202,37,257,228,42,35,36,43,64,40,242,39,321,43,55
38,32,229,175,27,205,319,274,95,116,140,122,45,38,176,178,25,310,304,145,252,29,18,144,143,284,28,223,209,28,18,83,147,84,220,31,55,194,23,23,24,19,20,17,22,29,29,112,70,53,24,252,260,34,22,21,202,24,181,186,208,164,32,273,27,227,66,22,31,27,28,194,155,202,34,263,35,126,167,31,287,67,206,43,255,229,45,38,42,49,76,47,248,51,327,51,62
38.25,34,231,177,31,206,320,275,99,118,141,123,45,41,177,179,27,310,304,146,255,33,20,146,144,284,30,224,210,29,20,84,149,86,222,34,57,195,25,25,26,22,22,18,24,30,33,114,71,54,26,253,262,38,24,23,204,26,183,189,211,165,34,272,28,229,69,24,35,28,31,195,158,202,37,263,37,129,170,33,288,70,208,45,255,231,49,40,43,52,80,49,249,54,329,54,66
38.5,33,229,175,29,205,319,275,99,117,142,122,47,38,176,178,27,311,304,145,253,29,20,146,145,282,27,224,209,28,18,82,147,83,221,32,57,195,24,22,24,21,20,17,22,29,31,113,71,52,24,252,259,38,23,22,203,24,182,189,209,162,32,272,27,230,69,22,33,27,29,195,158,199,35,263,35,126,170,32,288,68,207,42,255,233,47,36,41,49,77,50,251,54,328,54,64
38.75,30,228,174,25,206,319,276,97,116,141,122,43,34,180,177,23,311,307,144,251,24,17,146,144,282,24,227,209,27,17,81,146,83,221,28,52,196,22,21,22,19,19,12,20,24,24,112,68,49,22,253,259,31,21,16,198,21,180,188,204,160,29,279,25,229,66,18,24,22,23,192,157,204,31,265,33,121,157,25,283,58,205,37,258,239,41,35,36,42,63,40,246,38,321,42,55
39,35,232,179,30,207,321,276,101,119,141,123,44,42,178,181,29,312,306,145,254,32,19,146,145,286,32,227,211,30,20,84,150,86,221,32,56,200,26,25,27,21,22,18,23,30,32,113,71,59,28,254,265,39,26,24,204,25,183,190,211,169,37,273,31,234,71,26,37,30,31,196,162,206,41,267,40,134,174,36,290,73,209,46,255,231,52,43,48,57,84,51,254,57,331,57,67
39.25,29,230,176,22,207,320,276,98,115,140,122,44,33,181,178,21,311,307,143,251,21,16,147,145,283,26,230,209,28,16,80,144,81,220,27,51,200,22,21,21,19,18,11,18,24,23,112,68,51,23,252,262,29,20,17,199,20,179,186,203,164,31,278,24,231,68,19,23,22,23,191,159,206,33,265,35,123,157,25,284,57,204,37,256,232,44,37,37,44,65,39,248,40,321,43,55
39.5,29,231,177,21,207,321,276,100,118,140,123,42,32,185,179,21,312,309,144,253,22,18,149,146,283,26,233,210,30,17,81,145,83,222,26,51,201,23,21,21,20,19,12,20,25,24,113,69,50,24,253,262,29,21,18,199,22,179,188,203,162,32,284,25,233,70,22,20,22,23,194,159,208,34,270,36,123,155,25,284,56,206,37,261,240,44,41,38,44,61,38,248,36,319,41,55
39.75,29,230,177,22,208,322,277,101,117,140,123,44,32,186,179,23,312,308,144,251,21,17,151,147,282,26,232,210,30,16,81,145,82,221,26,50,201,22,20,21,20,19,12,20,25,23,112,67,51,23,254,261,29,21,18,199,20,180,188,202,161,31,285,25,234,70,20,21,21,22,192,159,208,34,270,36,122,156,25,284,56,205,35,259,242,43,40,38,42,60,37,250,35,319,40,53
40,32,228,178,26,206,320,278,104,118,142,121,46,35,181,179,24,311,306,145,253,27,19,150,149,282,26,228,208,27,17,83,148,82,221,30,54,201,22,22,23,20,20,15,21,27,27,113,71,50,22,252,259,33,22,19,202,22,181,189,207,162,29,276,25,234,71,20,28,25,27,194,164,203,31,266,33,125,166,28,286,62,207,40,255,242,43,34,37,44,70,44,253,46,324,47,59
40.25,28,229,177,24,206,321,278,103,117,143,123,48,33,183,178,22,311,307,143,251,23,18,152,150,282,25,230,209,26,16,81,146,82,220,30,54,204,21,21,22,19,18,12,20,25,26,113,72,51,22,252,259,32,22,18,201,21,180,189,205,162,29,277,24,235,70,18,26,23,25,193,164,205,32,266,34,125,163,27,286,61,206,38,255,240,44,35,38,45,67,43,253,44,322,47,59
40.5,30,230,180,25,207,321,278,104,118,142,122,46,37,182,180,24,312,307,143,253,27,18,152,149,285,29,230,210,28,17,82,147,83,221,30,55,206,23,23,24,19,19,14,21,27,27,113,71,56,26,252,262,34,22,19,203,23,182,189,207,168,34,275,26,237,72,22,31,27,27,196,167,209,37,267,38,130,171,31,288,66,209,41,255,237,48,39,44,51,77,46,257,52,327,53,64
40.75,29,231,179,22,208,322,278,105,119,141,124,45,33,188,179,23,311,309,145,253,22,18,156,149,283,25,234,211,29,16,81,146,82,221,28,52,206,24,22,22,19,19,12,21,24,24,113,71,50,23,253,261,30,21,17,201,21,179,190,203,162,30,284,25,238,73,19,22,22,23,194,165,210,33,270,35,124,159,24,286,56,206,37,259,247,42,39,37,42,61,39,254,36,320,42,53
41,30,230,181,23,208,322,278,106,119,141,123,44,36,185,181,23,312,308,145,253,24,17,155,149,286,28,233,211,30,18,83,146,82,222,28,51,209,23,23,23,20,20,13,21,25,25,112,70,54,25,253,262,31,21,18,202,22,181,189,205,167,33,279,26,239,72,21,25,23,25,194,168,211,36,269,37,129,165,27,286,59,208,39,256,239,46,39,42,48,70,41,255,42,322,45,57
41.25,31,230,181,28,208,322,280,109,121,144,123,45,38,186,181,25,312,307,146,254,28,19,156,152,285,28,231,210,29,19,84,149,83,221,31,56,208,24,24,24,20,21,16,22,29,29,114,72,54,26,253,261,35,23,21,205,25,183,191,209,167,33,276,27,241,74,22,31,27,27,197,170,208,35,269,37,131,172,32,290,67,210,42,255,244,46,38,42,49,75,47,258,50,326,50,62
41.5,32,230,182,27,206,322,278,109,120,143,122,43,38,185,181,26,312,307,145,253,27,17,155,152,285,29,230,211,29,18,82,148,83,222,29,54,210,24,24,25,19,20,15,21,27,28,113,70,56,27,252,262,34,22,19,204,24,182,190,209,168,33,275,27,241,74,22,30,26,27,196,171,210,37,269,38,132,170,31,288,66,208,41,254,242,48,39,43,50,75,45,257,49,326,50,62
41.75,29,229,179,22,207,321,278,109,119,141,123,44,31,191,178,22,312,309,143,252,21,17,159,151,281,23,234,209,28,16,80,146,82,220,26,50,210,22,20,21,20,17,11,19,24,23,112,69,50,21,253,260,30,20,16,200,20,179,189,202,161,29,285,24,242,71,17,20,21,21,194,168,210,32,271,34,124,159,23,286,55,206,35,258,257,41,38,35,40,60,38,256,33,320,40,53
42,35,232,185,31,208,323,280,113,124,144,123,45,43,186,182,28,313,307,146,256,32,20,157,154,286,33,231,212,30,21,84,150,85,223,34,57,214,27,26,27,22,22,18,24,31,33,115,73,59,29,254,265,39,25,25,207,26,185,192,212,171,38,274,30,247,77,26,37,29,32,198,174,211,40,270,41,137,179,36,293,72,213,47,255,244,51,42,48,56,83,50,264,57,331,56,67
42.25,30,228,182,27,207,321,280,112,121,144,124,47,35,186,180,25,311,306,144,254,27,19,158,155,283,26,231,210,28,18,82,147,83,221,31,55,211,22,22,23,21,20,14,22,28,28,114,72,51,23,253,260,34,23,20,204,24,182,192,208,165,31,276,25,245,74,19,30,27,27,196,174,207,33,269,35,130,171,30,289,65,210,40,254,250,44,36,39,46,72,47,261,49,326,50,62
42.5,29,231,184,23,209,324,279,112,122,143,124,44,32,192,181,23,313,309,145,254,22,17,161,154,284,26,236,211,30,17,82,146,83,222,27,51,215,23,22,23,20,19,12,20,25,24,113,70,52,24,253,262,29,22,18,203,21,182,191,204,165,33,286,25,246,73,21,21,23,23,195,172,212,35,273,37,128,162,25,287,57,207,36,259,251,44,41,39,44,62,39,258,36,320,41,54
42.75,28,230,183,22,208,323,280,113,121,144,124,49,31,191,180,22,312,309,144,252,21,19,161,157,282,26,234,210,28,16,82,146,81,220,27,52,216,22,21,21,20,18,10,20,23,24,113,72,51,22,253,261,30,20,17,203,20,181,191,203,164,30,283,24,246,71,18,22,21,22,194,173,212,32,271,35,126,163,24,287,56,207,35,257,253,41,37,36,42,62,40,260,37,320,41,53
43,27,228,182,22,207,322,279,114,120,145,123,48,31,189,180,21,311,307,143,252,22,18,161,156,282,25,233,209,27,15,81,146,81,221,28,53,215,21,20,21,19,18,12,20,24,24,113,71,50,22,253,260,32,21,17,204,21,180,192,205,163,29,280,23,246,72,17,24,22,23,194,174,210,31,270,34,127,166,25,287,58,207,37,255,254,41,34,36,43,63,41,261,40,321,45,56
43.25,32,230,186,26,209,323,280,117,123,145,124,47,37,189,182,24,313,308,145,255,27,19,162,157,286,30,232,211,29,19,83,150,84,223,30,55,219,25,25,24,21,20,14,22,28,29,115,73,57,27,253,263,35,23,21,209,24,184,194,209,170,35,276,28,249,75,23,31,27,29,197,178,214,38,271,39,135,176,31,291,66,211,42,254,247,49,41,44,51,76,47,264,51,327,52,63
43.5,29,230,184,21,208,322,280,115,122,145,124,50,32,191,181,21,311,309,144,253,21,18,163,159,283,26,235,210,28,15,80,146,82,221,27,53,219,22,21,21,19,17,10,20,25,23,113,72,51,23,253,260,29,21,16,206,21,180,193,203,165,30,282,23,248,71,18,22,21,22,194,176,213,33,271,35,128,164,23,288,57,208,36,256,252,42,37,37,42,63,41,261,39,319,42,55
43.75,29,229,184,22,209,323,280,116,123,144,124,48,32,193,181,21,312,310,145,254,21,17,164,159,282,24,235,210,29,16,80,146,81,222,27,52,220,22,20,20,20,18,12,20,25,24,112,72,50,22,254,261,29,21,17,207,21,180,193,202,163,30,283,24,250,72,18,21,21,22,194,176,213,31,273,34,127,164,25,288,55,208,36,257,259,40,37,36,41,61,39,262,36,319,41,53
44,28,227,185,23,208,323,280,117,122,145,124,48,33,189,180,22,312,308,144,255,25,19,163,159,283,24,232,209,27,16,81,147,81,222,30,55,220,22,22,22,19,19,12,20,26,26,113,73,50,23,252,259,33,22,18,209,21,182,193,206,165,30,278,24,250,73,18,27,24,25,196,179,211,32,271,35,131,172,28,289,61,210,38,253,256,43,34,37,44,68,44,264,45,322,46,59
44.25,30,228,188,22,208,324,280,117,123,144,122,44,35,190,182,21,313,308,144,255,25,16,162,158,285,28,233,209,28,18,82,148,82,223,28,53,222,23,23,21,19,19,12,20,26,26,113,72,54,25,252,261,33,21,17,211,22,182,194,208,169,33,277,26,251,73,20,27,24,26,196,181,216,35,272,37,133,174,28,290,62,210,40,253,250,45,38,41,48,72,44,265,46,325,48,59
44.5,28,228,186,22,209,324,280,118,123,145,123,45,31,192,181,21,312,309,144,254,22,16,164,159,282,24,235,209,29,17,81,147,81,222,27,51,224,22,21,20,20,19,11,20,25,24,113,71,51,22,253,260,30,21,16,209,21,181,194,203,165,30,283,24,252,73,19,23,22,23,195,179,214,31,273,35,128,166,25,289,57,209,36,256,259,41,36,37,42,62,39,263,38,320,41,54
44.75,33,229,189,29,207,323,280,121,125,145,122,46,40,188,183,27,312,306,145,256,30,19,163,160,285,30,231,211,28,19,83,149,84,222,33,58,223,25,24,26,21,22,17,23,30,31,115,74,58,28,253,262,38,24,23,216,25,184,197,210,171,36,272,28,255,77,24,36,28,30,197,184,213,39,272,39,140,184,34,294,72,214,45,253,252,50,40,45,54,81,50,269,56,330,57,66
45,31,231,190,22,209,324,279,121,125,145,124,46,33,193,183,23,313,310,144,255,22,18,167,161,285,28,236,211,31,17,81,146,82,223,27,53,228,24,23,22,19,19,11,20,26,23,114,72,55,26,253,262,31,22,18,211,21,181,196,204,168,33,282,25,253,73,21,22,22,23,195,182,217,35,276,38,133,168,25,290,57,209,37,255,253,45,40,40,44,63,40,264,39,320,42,55
45.25,29,227,189,24,208,324,280,121,125,144,123,43,34,190,182,23,312,308,144,256,26,17,163,161,285,28,233,210,28,17,81,148,83,223,28,53,227,22,22,22,19,19,12,20,26,27,113,72,54,25,252,262,32,20,18,214,22,182,197,206,168,32,277,26,254,73,20,27,23,26,196,185,215,34,272,37,135,175,27,290,61,210,40,253,253,45,37,40,47,70,43,265,45,323,47,59
45.5,30,228,190,27,208,324,280,123,126,145,122,45,36,191,184,24,312,306,145,256,28,18,164,162,284,28,231,210,28,18,82,149,83,223,30,55,226,23,23,23,20,20,14,22,28,29,114,73,54,24,252,261,35,22,20,216,24,184,197,209,168,32,274,26,255,74,22,30,26,27,196,186,214,34,272,37,136,179,31,292,65,210,42,252,254,45,36,41,48,74,45,267,48,325,49,61
45.75,30,226,190,25,207,324,280,124,124,144,122,43,34,191,182,24,312,308,145,256,25,17,164,162,284,27,234,211,29,17,81,148,81,223,28,53,229,23,22,23,19,19,12,20,26,26,114,72,54,25,252,261,32,21,18,214,22,182,198,205,168,33,277,25,255,72,20,27,24,25,195,186,215,34,273,37,136,174,27,290,61,209,40,252,253,44,37,40,48,69,43,266,44,322,46,58
46,28,228,189,23,210,325,280,125,126,146,125,47,32,195,182,23,311,310,145,255,21,19,169,165,281,26,236,211,29,17,80,147,81,222,28,52,231,23,20,21,21,18,11,21,26,24,114,73,51,23,253,260,30,21,18,214,21,181,200,202,164,30,284,25,257,73,19,21,21,22,195,184,217,32,276,36,131,167,24,290,56,209,36,257,264,42,38,35,41,60,41,267,35,319,41,53
46.25,30,228,193,23,209,325,280,125,126,145,123,44,35,193,183,22,313,309,145,256,23,16,167,164,285,28,234,211,29,18,82,148,82,224,28,51,233,24,23,22,19,20,12,21,26,26,114,72,55,26,253,263,32,22,18,215,22,183,200,206,170,33,278,26,257,73,21,26,25,25,196,188,218,36,275,38,137,175,27,291,60,210,39,253,249,46,40,41,48,70,43,267,44,322,45,57
46.5,30,229,193,21,210,326,280,126,128,144,124,44,32,195,184,21,313,310,145,256,21,17,169,164,284,27,237,211,30,17,81,147,82,224,27,51,234,24,22,22,20,18,11,20,25,24,114,72,54,26,253,263,29,20,16,216,21,181,200,203,168,32,282,25,258,73,21,22,22,22,196,187,217,33,277,37,135,170,24,291,56,209,37,256,253,43,40,39,45,63,39,267,36,319,41,55
46.75,30,226,194,24,208,324,279,127,127,145,122,42,36,191,184,23,312,307,144,256,25,16,165,164,284,29,233,211,28,17,82,149,82,224,29,53,234,23,23,23,19,19,12,20,27,26,113,72,55,26,252,262,33,21,18,217,21,181,201,206,171,33,275,26,258,73,20,27,25,25,196,189,218,36,275,37,138,180,28,292,62,209,40,251,251,46,38,42,48,72,44,269,45,324,47,59
47,29,228,192,24,210,325,280,128,127,148,125,51,32,197,183,22,312,309,145,255,22,20,170,169,281,25,236,210,30,16,81,147,82,224,30,55,236,24,21,20,22,18,12,21,25,24,113,75,52,23,254,261,32,22,18,216,21,182,204,203,165,30,281,24,260,74,17,23,21,22,195,187,219,31,278,35,132,171,25,292,56,210,36,256,269,41,37,35,40,62,42,269,38,320,41,54
47.25,30,229,196,21,209,326,280,129,128,144,123,45,33,195,184,21,312,310,144,256,21,17,170,166,285,28,237,212,30,17,80,147,82,224,26,52,238,23,22,21,19,18,11,20,25,25,113,72,54,24,253,262,29,20,17,217,20,181,203,203,169,32,281,25,260,73,20,23,21,23,195,190,219,34,278,36,135,171,24,292,56,209,37,255,253,43,39,39,45,64,39,269,38,319,41,54
47.5,29,227,194,22,209,326,280,130,129,146,124,47,31,196,182,21,312,309,145,255,22,18,171,168,282,25,237,211,29,15,81,147,81,224,27,52,237,22,20,21,19,18,11,20,25,25,114,73,52,23,253,260,29,22,17,216,21,181,204,202,165,30,282,24,260,73,19,21,21,23,195,189,218,33,278,36,133,171,25,291,56,209,36,256,261,42,38,36,41,60,38,270,36,319,42,54
